constructorId,constructorRef,name,nationality,url,source
1,mclaren,McLaren,British,http://en.wikipedia.org/wiki/McLaren,historical
2,bmw_sauber,BMW Sauber,German,http://en.wikipedia.org/wiki/BMW_Sauber,historical
3,williams,Williams,British,http://en.wikipedia.org/wiki/Williams_Grand_Prix_Engineering,historical
4,renault,Renault,French,http://en.wikipedia.org/wiki/Renault_in_Formula_One,historical
5,toro_rosso,Toro Rosso,Italian,http://en.wikipedia.org/wiki/Scuderia_Toro_Rosso,historical
6,ferrari,Ferrari,Italian,http://en.wikipedia.org/wiki/Scuderia_Ferrari,historical
7,toyota,Toyota,Japanese,http://en.wikipedia.org/wiki/Toyota_Racing,historical
8,super_aguri,Super Aguri,Japanese,http://en.wikipedia.org/wiki/Super_Aguri_F1,historical
9,red_bull,Red Bull,Austrian,http://en.wikipedia.org/wiki/Red_Bull_Racing,historical
10,force_india,Force India,Indian,http://en.wikipedia.org/wiki/Racing_Point_Force_India,historical
11,honda,Honda,Japanese,http://en.wikipedia.org/wiki/Honda_Racing_F1,historical
12,spyker,Spyker,Dutch,http://en.wikipedia.org/wiki/Spyker_F1,historical
13,mf1,MF1,Russian,http://en.wikipedia.org/wiki/Midland_F1_Racing,historical
14,spyker_mf1,Spyker MF1,Dutch,http://en.wikipedia.org/wiki/Midland_F1_Racing,historical
15,sauber,Sauber,Swiss,http://en.wikipedia.org/wiki/Sauber_Motorsport,historical
16,bar,BAR,British,http://en.wikipedia.org/wiki/British_American_Racing,historical
17,jordan,Jordan,Irish,http://en.wikipedia.org/wiki/Jordan_Grand_Prix,historical
18,minardi,Minardi,Italian,http://en.wikipedia.org/wiki/Minardi,historical
19,jaguar,Jaguar,British,http://en.wikipedia.org/wiki/Jaguar_Racing,historical
20,prost,Prost,French,http://en.wikipedia.org/wiki/Prost_Grand_Prix,historical
21,arrows,Arrows,British,http://en.wikipedia.org/wiki/Arrows_Grand_Prix_International,historical
22,benetton,Benetton,Italian,http://en.wikipedia.org/wiki/Benetton_Formula,historical
23,brawn,Brawn,British,http://en.wikipedia.org/wiki/Brawn_GP,historical
24,stewart,Stewart,British,http://en.wikipedia.org/wiki/Stewart_Grand_Prix,historical
25,tyrrell,Tyrrell,British,http://en.wikipedia.org/wiki/Tyrrell_Racing,historical
26,lola,Lola,British,http://en.wikipedia.org/wiki/MasterCard_Lola,historical
27,ligier,Ligier,French,http://en.wikipedia.org/wiki/Ligier,historical
28,forti,Forti,Italian,http://en.wikipedia.org/wiki/Forti,historical
29,footwork,Footwork,British,http://en.wikipedia.org/wiki/Footwork_Arrows,historical
30,pacific,Pacific,British,http://en.wikipedia.org/wiki/Pacific_Racing,historical
31,simtek,Simtek,British,http://en.wikipedia.org/wiki/Simtek,historical
32,team_lotus,Team Lotus,British,http://en.wikipedia.org/wiki/Team_Lotus,historical
33,larrousse,Larrousse,French,http://en.wikipedia.org/wiki/Larrousse,historical
34,brabham,Brabham,British,http://en.wikipedia.org/wiki/Brabham,historical
35,dallara,Dallara,Italian,http://en.wikipedia.org/wiki/Dallara,historical
36,fondmetal,Fondmetal,Italian,http://en.wikipedia.org/wiki/Fondmetal,historical
37,march,March,British,http://en.wikipedia.org/wiki/March_Engineering,historical
38,moda,Andrea Moda,Italian,http://en.wikipedia.org/wiki/Andrea_Moda_Formula,historical
39,ags,AGS,French,http://en.wikipedia.org/wiki/Automobiles_Gonfaronnaises_Sportives,historical
40,lambo,Lambo,Italian,http://en.wikipedia.org/wiki/Modena_(racing_team),historical
41,leyton,Leyton House,British,http://en.wikipedia.org/wiki/Leyton_House,historical
42,coloni,Coloni,Italian,http://en.wikipedia.org/wiki/Enzo_Coloni_Racing_Car_Systems,historical
44,eurobrun,Euro Brun,Italian,http://en.wikipedia.org/wiki/Euro_Brun,historical
45,osella,Osella,Italian,http://en.wikipedia.org/wiki/Osella,historical
46,onyx,Onyx,British,http://en.wikipedia.org/wiki/Onyx_(racing_team),historical
47,life,Life,Italian,http://en.wikipedia.org/wiki/Life_(Racing_Team),historical
48,rial,Rial,German,http://en.wikipedia.org/wiki/Rial_%28racing_team%29,historical
49,zakspeed,Zakspeed,German,http://en.wikipedia.org/wiki/Zakspeed,historical
50,ram,RAM,British,http://en.wikipedia.org/wiki/RAM_Racing,historical
51,alfa,Alfa Romeo,Swiss,http://en.wikipedia.org/wiki/Alfa_Romeo_in_Formula_One,historical
52,spirit,Spirit,British,http://en.wikipedia.org/wiki/Spirit_(racing_team),historical
53,toleman,Toleman,British,http://en.wikipedia.org/wiki/Toleman,historical
54,ats,ATS,Italian,http://en.wikipedia.org/wiki/ATS_(wheels),historical
55,theodore,Theodore,Hong Kong,http://en.wikipedia.org/wiki/Theodore_Racing,historical
56,fittipaldi,Fittipaldi,Brazilian,http://en.wikipedia.org/wiki/Fittipaldi_%28constructor%29,historical
57,ensign,Ensign,British,http://en.wikipedia.org/wiki/Ensign_%28racing_team%29,historical
58,shadow,Shadow,British,http://en.wikipedia.org/wiki/Shadow_Racing_Cars,historical
59,wolf,Wolf,Canadian,http://en.wikipedia.org/wiki/Walter_Wolf_Racing,historical
60,merzario,Merzario,Italian,http://en.wikipedia.org/wiki/Merzario,historical
61,kauhsen,Kauhsen,German,http://en.wikipedia.org/wiki/Kauhsen,historical
62,rebaque,Rebaque,Mexican,http://en.wikipedia.org/wiki/Rebaque,historical
63,surtees,Surtees,British,http://en.wikipedia.org/wiki/Surtees,historical
64,hesketh,Hesketh,British,http://en.wikipedia.org/wiki/Hesketh_Racing,historical
65,martini,Martini,French,http://en.wikipedia.org/wiki/Martini_(cars),historical
66,brm,BRM,British,http://en.wikipedia.org/wiki/BRM,historical
67,penske,Penske,American,http://en.wikipedia.org/wiki/Penske_Racing,historical
68,lec,LEC,British,http://en.wikipedia.org/wiki/LEC_(Formula_One),historical
69,mcguire,McGuire,Australian,http://en.wikipedia.org/wiki/McGuire_(Formula_One),historical
70,boro,Boro,Dutch,http://en.wikipedia.org/wiki/Boro_(Formula_One),historical
71,apollon,Apollon,Swiss,http://en.wikipedia.org/wiki/Apollon_(Formula_One),historical
72,kojima,Kojima,Japanese,http://en.wikipedia.org/wiki/Kojima_Engineering,historical
73,parnelli,Parnelli,American,http://en.wikipedia.org/wiki/Parnelli,historical
74,maki,Maki,Japanese,http://en.wikipedia.org/wiki/Maki_(cars),historical
75,hill,Embassy Hill,British,http://en.wikipedia.org/wiki/Hill_(constructor),historical
76,lyncar,Lyncar,British,http://en.wikipedia.org/wiki/Lyncar,historical
77,trojan,Trojan,British,http://en.wikipedia.org/wiki/Trojan_(Racing_team),historical
78,amon,Amon,New Zealander,http://en.wikipedia.org/wiki/Amon_(Formula_One_team),historical
79,token,Token,British,http://en.wikipedia.org/wiki/Token_(Racing_team),historical
80,iso_marlboro,Iso Marlboro,British,http://en.wikipedia.org/wiki/Iso_Marlboro,historical
81,tecno,Tecno,Italian,http://en.wikipedia.org/wiki/Tecno,historical
82,matra,Matra,French,http://en.wikipedia.org/wiki/Matra,historical
83,politoys,Politoys,British,http://en.wikipedia.org/wiki/Frank_Williams_Racing_Cars,historical
84,connew,Connew,British,http://en.wikipedia.org/wiki/Connew,historical
85,bellasi,Bellasi,Swiss,http://en.wikipedia.org/wiki/Bellasi,historical
86,tomaso,De Tomaso,Italian,http://en.wikipedia.org/wiki/De_Tomaso,historical
87,cooper,Cooper,British,http://en.wikipedia.org/wiki/Cooper_Car_Company,historical
88,eagle,Eagle,American,http://en.wikipedia.org/wiki/Anglo_American_Racers,historical
89,lds,LDS,South African,http://en.wikipedia.org/wiki/LDS_(automobile),historical
90,protos,Protos,British,http://en.wikipedia.org/wiki/Protos_(constructor),historical
91,shannon,Shannon,British,http://en.wikipedia.org/wiki/Shannon_(Formula_One),historical
92,scirocco,Scirocco,British,http://en.wikipedia.org/wiki/Scirocco-Powell,historical
93,re,RE,Rhodesian,http://en.wikipedia.org/wiki/RE_%28automobile%29,historical
94,brp,BRP,British,http://en.wikipedia.org/wiki/British_Racing_Partnership,historical
95,porsche,Porsche,German,http://en.wikipedia.org/wiki/Porsche_in_Formula_One,historical
96,derrington,Derrington,British,http://en.wikipedia.org/wiki/Derrington-Francis,historical
97,gilby,Gilby,British,http://en.wikipedia.org/wiki/Gilby,historical
98,stebro,Stebro,Canadian,http://en.wikipedia.org/wiki/Stebro,historical
99,emeryson,Emeryson,British,http://en.wikipedia.org/wiki/Emeryson,historical
100,enb,ENB,Belgian,http://en.wikipedia.org/wiki/Ecurie_Nationale_Belge,historical
101,jbw,JBW,British,http://en.wikipedia.org/wiki/JBW,historical
102,ferguson,Ferguson,British,http://en.wikipedia.org/wiki/Ferguson_Research_Ltd.,historical
103,mbm,MBM,Swiss,http://en.wikipedia.org/wiki/Monteverdi_Basel_Motors,historical
104,behra-porsche,Behra-Porsche,Italian,http://en.wikipedia.org/wiki/Behra-Porsche,historical
105,maserati,Maserati,Italian,http://en.wikipedia.org/wiki/Maserati,historical
106,scarab,Scarab,American,http://en.wikipedia.org/wiki/Scarab_(constructor),historical
107,watson,Watson,American,http://en.wikipedia.org/wiki/A.J._Watson,historical
108,epperly,Epperly,American,http://en.wikipedia.org/wiki/Epperly,historical
109,phillips,Phillips,American,http://en.wikipedia.org/wiki/Phillips_(constructor),historical
110,lesovsky,Lesovsky,American,http://en.wikipedia.org/wiki/Lesovsky,historical
111,trevis,Trevis,American,http://en.wikipedia.org/wiki/Trevis,historical
112,meskowski,Meskowski,American,http://en.wikipedia.org/wiki/Meskowski,historical
113,kurtis_kraft,Kurtis Kraft,American,http://en.wikipedia.org/wiki/Kurtis_Kraft,historical
114,kuzma,Kuzma,American,http://en.wikipedia.org/wiki/Kuzma_(constructor),historical
115,vhristensen,Christensen,American,http://en.wikipedia.org/wiki/Christensen_(constructor),historical
116,ewing,Ewing,American,http://en.wikipedia.org/wiki/Ewing_(constructor),historical
117,aston_martin,Aston Martin,British,http://en.wikipedia.org/wiki/Aston_Martin_in_Formula_One,historical
118,vanwall,Vanwall,British,http://en.wikipedia.org/wiki/Vanwall,historical
119,moore,Moore,American,http://en.wikipedia.org/wiki/Moore_(constructor),historical
120,dunn,Dunn,American,http://en.wikipedia.org/wiki/Dunn_Engineering,historical
121,elder,Elder,American,http://en.wikipedia.org/wiki/Elder_(constructor),historical
122,sutton,Sutton,American,http://en.wikipedia.org/wiki/Sutton_(constructor),historical
123,fry,Fry,British,http://en.wikipedia.org/wiki/Fry_(racing_team),historical
124,tec-mec,Tec-Mec,Italian,http://en.wikipedia.org/wiki/Tec-Mec,historical
125,connaught,Connaught,British,http://en.wikipedia.org/wiki/Connaught_Engineering,historical
126,alta,Alta,British,http://en.wikipedia.org/wiki/Alta_auto_racing_team,historical
127,osca,OSCA,Italian,http://en.wikipedia.org/wiki/Officine_Specializate_Costruzione_Automobili,historical
128,gordini,Gordini,French,http://en.wikipedia.org/wiki/Gordini,historical
129,stevens,Stevens,American,http://en.wikipedia.org/wiki/Stevens_(constructor),historical
130,bugatti,Bugatti,French,http://en.wikipedia.org/wiki/Bugatti,historical
131,mercedes,Mercedes,German,http://en.wikipedia.org/wiki/Mercedes-Benz_in_Formula_One,historical
132,lancia,Lancia,Italian,http://en.wikipedia.org/wiki/Lancia_in_Formula_One,historical
133,hwm,HWM,British,http://en.wikipedia.org/wiki/Hersham_and_Walton_Motors,historical
134,schroeder,Schroeder,American,http://en.wikipedia.org/wiki/Schroeder_(constructor),historical
135,pawl,Pawl,American,http://en.wikipedia.org/wiki/Pawl_(constructor),historical
136,pankratz,Pankratz,American,http://en.wikipedia.org/wiki/Pankratz,historical
137,arzani-volpini,Arzani-Volpini,Italian,http://en.wikipedia.org/wiki/Arzani-Volpini,historical
138,nichels,Nichels,American,http://en.wikipedia.org/wiki/Nichels,historical
139,bromme,Bromme,American,http://en.wikipedia.org/wiki/Bromme,historical
140,klenk,Klenk,German,http://en.wikipedia.org/wiki/Klenk,historical
141,simca,Simca,French,http://en.wikipedia.org/wiki/Simca,historical
142,turner,Turner,American,http://en.wikipedia.org/wiki/Turner_(constructor),historical
143,del_roy,Del Roy,American,http://en.wikipedia.org/wiki/Del_Roy,historical
144,veritas,Veritas,German,http://en.wikipedia.org/wiki/Veritas_(constructor),historical
145,bmw,BMW,German,http://en.wikipedia.org/wiki/BMW,historical
146,emw,EMW,East German,http://en.wikipedia.org/wiki/Eisenacher_Motorenwerk,historical
147,afm,AFM,German,http://en.wikipedia.org/wiki/Alex_von_Falkenhausen_Motorenbau,historical
148,frazer_nash,Frazer Nash,British,http://en.wikipedia.org/wiki/Frazer_Nash,historical
149,sherman,Sherman,American,http://en.wikipedia.org/wiki/Sherman_(constructor),historical
150,deidt,Deidt,American,http://en.wikipedia.org/wiki/Deidt,historical
151,era,ERA,British,http://en.wikipedia.org/wiki/English_Racing_Automobiles,historical
152,butterworth,Aston Butterworth,British,http://en.wikipedia.org/wiki/Aston_Butterworth,historical
153,cisitalia,Cisitalia,Italian,http://en.wikipedia.org/wiki/Cisitalia,historical
154,lago,Talbot-Lago,French,http://en.wikipedia.org/wiki/Talbot-Lago,historical
155,hall,Hall,American,http://en.wikipedia.org/wiki/Hall_(constructor),historical
156,marchese,Marchese,American,http://en.wikipedia.org/wiki/Marchese_(constructor),historical
157,langley,Langley,American,http://en.wikipedia.org/wiki/Langley_(constructor),historical
158,rae,Rae,American,http://en.wikipedia.org/wiki/Rae_(motorsport),historical
159,olson,Olson,American,http://en.wikipedia.org/wiki/Olson_(constructor),historical
160,wetteroth,Wetteroth,American,http://en.wikipedia.org/wiki/Wetteroth,historical
161,adams,Adams,American,http://en.wikipedia.org/wiki/Adams_(constructor),historical
162,snowberger,Snowberger,American,http://en.wikipedia.org/wiki/Snowberger,historical
163,milano,Milano,Italian,http://en.wikipedia.org/wiki/Scuderia_Milano,historical
164,hrt,HRT,Spanish,http://en.wikipedia.org/wiki/Hispania_Racing,historical
166,virgin,Virgin,British,http://en.wikipedia.org/wiki/Virgin_Racing,historical
167,cooper-maserati,Cooper-Maserati,British,http://en.wikipedia.org/wiki/Cooper_Car_Company,historical
168,cooper-osca,Cooper-OSCA,British,http://en.wikipedia.org/wiki/Cooper_Car_Company,historical
169,cooper-borgward,Cooper-Borgward,British,http://en.wikipedia.org/wiki/Cooper_Car_Company,historical
170,cooper-climax,Cooper-Climax,British,http://en.wikipedia.org/wiki/Cooper_Car_Company,historical
171,cooper-castellotti,Cooper-Castellotti,British,http://en.wikipedia.org/wiki/Cooper_Car_Company,historical
172,lotus-climax,Lotus-Climax,British,http://en.wikipedia.org/wiki/Team_Lotus,historical
173,lotus-maserati,Lotus-Maserati,British,http://en.wikipedia.org/wiki/Team_Lotus,historical
174,de_tomaso-osca,De Tomaso-Osca,Italian,http://en.wikipedia.org/wiki/De_Tomaso,historical
175,de_tomaso-alfa_romeo,De Tomaso-Alfa Romeo,Italian,http://en.wikipedia.org/wiki/De_Tomaso,historical
176,lotus-brm,Lotus-BRM,British,http://en.wikipedia.org/wiki/Team_Lotus,historical
177,lotus-borgward,Lotus-Borgward,British,http://en.wikipedia.org/wiki/Team_Lotus,historical
178,cooper-alfa_romeo,Cooper-Alfa Romeo,British,http://en.wikipedia.org/wiki/Cooper_Car_Company,historical
179,de_tomaso-ferrari,De Tomaso-Ferrari,Italian,http://en.wikipedia.org/wiki/De_Tomaso,historical
180,lotus-ford,Lotus-Ford,British,http://en.wikipedia.org/wiki/Team_Lotus,historical
181,brabham-brm,Brabham-BRM,British,http://en.wikipedia.org/wiki/Brabham,historical
182,brabham-ford,Brabham-Ford,British,http://en.wikipedia.org/wiki/Brabham,historical
183,brabham-climax,Brabham-Climax,British,http://en.wikipedia.org/wiki/Brabham,historical
184,lds-climax,LDS-Climax,South African,http://en.wikipedia.org/wiki/LDS_(automobile),historical
185,lds-alfa_romeo,LDS-Alfa Romeo,South African,http://en.wikipedia.org/wiki/LDS_(automobile),historical
186,cooper-ford,Cooper-Ford,British,http://en.wikipedia.org/wiki/Cooper_Car_Company,historical
187,mclaren-ford,McLaren-Ford,British,http://en.wikipedia.org/wiki/Team_McLaren,historical
188,mclaren-seren,McLaren-Serenissima,British,http://en.wikipedia.org/wiki/Team_McLaren,historical
189,eagle-climax,Eagle-Climax,American,http://en.wikipedia.org/wiki/Anglo_American_Racers,historical
190,eagle-weslake,Eagle-Weslake,American,http://en.wikipedia.org/wiki/Anglo_American_Racers,historical
191,brabham-repco,Brabham-Repco,British,http://en.wikipedia.org/wiki/Brabham,historical
192,cooper-ferrari,Cooper-Ferrari,British,http://en.wikipedia.org/wiki/Cooper_Car_Company,historical
193,cooper-ats,Cooper-ATS,British,http://en.wikipedia.org/wiki/Cooper_Car_Company,historical
194,mclaren-brm,McLaren-BRM,British,http://en.wikipedia.org/wiki/McLaren_(racing),historical
195,cooper-brm,Cooper-BRM,British,http://en.wikipedia.org/wiki/Cooper_Car_Company,historical
196,matra-ford,Matra-Ford,French,http://en.wikipedia.org/wiki/Matra,historical
197,brm-ford,BRM-Ford,British,http://en.wikipedia.org/wiki/BRM,historical
198,mclaren-alfa_romeo,McLaren-Alfa Romeo,British,http://en.wikipedia.org/wiki/McLaren_(racing),historical
199,march-alfa_romeo,March-Alfa Romeo,British,http://en.wikipedia.org/wiki/March_Engineering,historical
200,march-ford,March-Ford,British,http://en.wikipedia.org/wiki/March_Engineering,historical
201,lotus-pw,Lotus-Pratt &amp; Whitney,British,http://en.wikipedia.org/wiki/Team_Lotus,historical
202,shadow-ford,Shadow-Ford,British,http://en.wikipedia.org/wiki/Shadow_Racing_Cars,historical
203,shadow-matra,Shadow-Matra,British,http://en.wikipedia.org/wiki/Shadow_Racing_Cars,historical
204,brabham-alfa_romeo,Brabham-Alfa Romeo,British,http://en.wikipedia.org/wiki/Brabham,historical
205,lotus_racing,Lotus,Malaysian,http://en.wikipedia.org/wiki/Lotus_Racing,historical
206,marussia,Marussia,Russian,http://en.wikipedia.org/wiki/Marussia_F1,historical
207,caterham,Caterham,Malaysian,http://en.wikipedia.org/wiki/Caterham_F1,historical
208,lotus_f1,Lotus F1,British,http://en.wikipedia.org/wiki/Lotus_F1,historical
209,manor,Manor Marussia,British,http://en.wikipedia.org/wiki/Manor_Motorsport,historical
210,haas,Haas F1 Team,American,http://en.wikipedia.org/wiki/Haas_F1_Team,historical
211,racing_point,Racing Point,British,http://en.wikipedia.org/wiki/Racing_Point_F1_Team,historical
213,alphatauri,AlphaTauri,Italian,http://en.wikipedia.org/wiki/Scuderia_AlphaTauri,historical
214,alpine,Alpine F1 Team,French,http://en.wikipedia.org/wiki/Alpine_F1_Team,historical
215,rb,RB F1 Team,Italian,http://en.wikipedia.org/wiki/RB_Formula_One_Team,historical
216,audi,Audi,German,https://en.wikipedia.org/wiki/Audi_in_Formula_One,api
217,cadillac,Cadillac F1 Team,American,https://en.wikipedia.org/wiki/Cadillac_in_Formula_One,api
