driverId,driverRef,number,code,forename,surname,dob,nationality,url,source
1,hamilton,44,HAM,Lewis,Hamilton,1985-01-07,British,http://en.wikipedia.org/wiki/Lewis_Hamilton,historical
2,heidfeld,NULL,HEI,Nick,Heidfeld,1977-05-10,German,http://en.wikipedia.org/wiki/Nick_Heidfeld,historical
3,rosberg,6,ROS,Nico,Rosberg,1985-06-27,German,http://en.wikipedia.org/wiki/Nico_Rosberg,historical
4,alonso,14,ALO,Fernando,Alonso,1981-07-29,Spanish,http://en.wikipedia.org/wiki/Fernando_Alonso,historical
5,kovalainen,NULL,KOV,Heikki,Kovalainen,1981-10-19,Finnish,http://en.wikipedia.org/wiki/Heikki_Kovalainen,historical
6,nakajima,NULL,NAK,Kazuki,Nakajima,1985-01-11,Japanese,http://en.wikipedia.org/wiki/Kazuki_Nakajima,historical
7,bourdais,NULL,BOU,Sébastien,Bourdais,1979-02-28,French,http://en.wikipedia.org/wiki/S%C3%A9bastien_Bourdais,historical
8,raikkonen,7,RAI,Kimi,Räikkönen,1979-10-17,Finnish,http://en.wikipedia.org/wiki/Kimi_R%C3%A4ikk%C3%B6nen,historical
9,kubica,88,KUB,Robert,Kubica,1984-12-07,Polish,http://en.wikipedia.org/wiki/Robert_Kubica,historical
10,glock,NULL,GLO,Timo,Glock,1982-03-18,German,http://en.wikipedia.org/wiki/Timo_Glock,historical
11,sato,NULL,SAT,Takuma,Sato,1977-01-28,Japanese,http://en.wikipedia.org/wiki/Takuma_Sato,historical
12,piquet_jr,NULL,PIQ,Nelson,Piquet Jr.,1985-07-25,Brazilian,"http://en.wikipedia.org/wiki/Nelson_Piquet,_Jr.",historical
13,massa,19,MAS,Felipe,Massa,1981-04-25,Brazilian,http://en.wikipedia.org/wiki/Felipe_Massa,historical
14,coulthard,NULL,COU,David,Coulthard,1971-03-27,British,http://en.wikipedia.org/wiki/David_Coulthard,historical
15,trulli,NULL,TRU,Jarno,Trulli,1974-07-13,Italian,http://en.wikipedia.org/wiki/Jarno_Trulli,historical
16,sutil,99,SUT,Adrian,Sutil,1983-01-11,German,http://en.wikipedia.org/wiki/Adrian_Sutil,historical
17,webber,NULL,WEB,Mark,Webber,1976-08-27,Australian,http://en.wikipedia.org/wiki/Mark_Webber_(racing_driver),historical
18,button,22,BUT,Jenson,Button,1980-01-19,British,http://en.wikipedia.org/wiki/Jenson_Button,historical
19,davidson,NULL,DAV,Anthony,Davidson,1979-04-18,British,http://en.wikipedia.org/wiki/Anthony_Davidson,historical
20,vettel,5,VET,Sebastian,Vettel,1987-07-03,German,http://en.wikipedia.org/wiki/Sebastian_Vettel,historical
21,fisichella,NULL,FIS,Giancarlo,Fisichella,1973-01-14,Italian,http://en.wikipedia.org/wiki/Giancarlo_Fisichella,historical
22,barrichello,NULL,BAR,Rubens,Barrichello,1972-05-23,Brazilian,http://en.wikipedia.org/wiki/Rubens_Barrichello,historical
23,ralf_schumacher,NULL,SCH,Ralf,Schumacher,1975-06-30,German,http://en.wikipedia.org/wiki/Ralf_Schumacher,historical
24,liuzzi,NULL,LIU,Vitantonio,Liuzzi,1980-08-06,Italian,http://en.wikipedia.org/wiki/Vitantonio_Liuzzi,historical
25,wurz,NULL,WUR,Alexander,Wurz,1974-02-15,Austrian,http://en.wikipedia.org/wiki/Alexander_Wurz,historical
26,speed,NULL,SPE,Scott,Speed,1983-01-24,American,http://en.wikipedia.org/wiki/Scott_Speed,historical
27,albers,NULL,ALB,Christijan,Albers,1979-04-16,Dutch,http://en.wikipedia.org/wiki/Christijan_Albers,historical
28,markus_winkelhock,NULL,WIN,Markus,Winkelhock,1980-06-13,German,http://en.wikipedia.org/wiki/Markus_Winkelhock,historical
29,yamamoto,NULL,YAM,Sakon,Yamamoto,1982-07-09,Japanese,http://en.wikipedia.org/wiki/Sakon_Yamamoto,historical
30,michael_schumacher,NULL,MSC,Michael,Schumacher,1969-01-03,German,http://en.wikipedia.org/wiki/Michael_Schumacher,historical
31,montoya,NULL,MON,Juan,Pablo Montoya,1975-09-20,Colombian,http://en.wikipedia.org/wiki/Juan_Pablo_Montoya,historical
32,klien,NULL,KLI,Christian,Klien,1983-02-07,Austrian,http://en.wikipedia.org/wiki/Christian_Klien,historical
33,monteiro,NULL,TMO,Tiago,Monteiro,1976-07-24,Portuguese,http://en.wikipedia.org/wiki/Tiago_Monteiro,historical
34,ide,NULL,IDE,Yuji,Ide,1975-01-21,Japanese,http://en.wikipedia.org/wiki/Yuji_Ide,historical
35,villeneuve,NULL,VIL,Jacques,Villeneuve,1971-04-09,Canadian,http://en.wikipedia.org/wiki/Jacques_Villeneuve,historical
36,montagny,NULL,FMO,Franck,Montagny,1978-01-05,French,http://en.wikipedia.org/wiki/Franck_Montagny,historical
37,rosa,NULL,DLR,Pedro,de la Rosa,1971-02-24,Spanish,http://en.wikipedia.org/wiki/Pedro_de_la_Rosa,historical
38,doornbos,NULL,DOO,Robert,Doornbos,1981-09-23,Dutch,http://en.wikipedia.org/wiki/Robert_Doornbos,historical
39,karthikeyan,NULL,KAR,Narain,Karthikeyan,1977-01-14,Indian,http://en.wikipedia.org/wiki/Narain_Karthikeyan,historical
40,friesacher,NULL,FRI,Patrick,Friesacher,1980-09-26,Austrian,http://en.wikipedia.org/wiki/Patrick_Friesacher,historical
41,zonta,NULL,ZON,Ricardo,Zonta,1976-03-23,Brazilian,http://en.wikipedia.org/wiki/Ricardo_Zonta,historical
42,pizzonia,NULL,PIZ,Antônio,Pizzonia,1980-09-11,Brazilian,http://en.wikipedia.org/wiki/Ant%C3%B4nio_Pizzonia,historical
43,matta,NULL,NULL,Cristiano,da Matta,1973-09-19,Brazilian,http://en.wikipedia.org/wiki/Cristiano_da_Matta,historical
44,panis,NULL,NULL,Olivier,Panis,1966-09-02,French,http://en.wikipedia.org/wiki/Olivier_Panis,historical
45,pantano,NULL,NULL,Giorgio,Pantano,1979-02-04,Italian,http://en.wikipedia.org/wiki/Giorgio_Pantano,historical
46,bruni,NULL,NULL,Gianmaria,Bruni,1981-05-30,Italian,http://en.wikipedia.org/wiki/Gianmaria_Bruni,historical
47,baumgartner,NULL,NULL,Zsolt,Baumgartner,1981-01-01,Hungarian,http://en.wikipedia.org/wiki/Zsolt_Baumgartner,historical
48,gene,NULL,NULL,Marc,Gené,1974-03-29,Spanish,http://en.wikipedia.org/wiki/Marc_Gen%C3%A9,historical
49,frentzen,NULL,NULL,Heinz-Harald,Frentzen,1967-05-18,German,http://en.wikipedia.org/wiki/Heinz-Harald_Frentzen,historical
50,verstappen,NULL,NULL,Jos,Verstappen,1972-03-04,Dutch,http://en.wikipedia.org/wiki/Jos_Verstappen,historical
51,wilson,NULL,NULL,Justin,Wilson,1978-07-31,British,http://en.wikipedia.org/wiki/Justin_Wilson_(racing_driver),historical
52,firman,NULL,NULL,Ralph,Firman,1975-05-20,Irish,http://en.wikipedia.org/wiki/Ralph_Firman,historical
53,kiesa,NULL,NULL,Nicolas,Kiesa,1978-03-03,Danish,http://en.wikipedia.org/wiki/Nicolas_Kiesa,historical
54,burti,NULL,NULL,Luciano,Burti,1975-03-05,Brazilian,http://en.wikipedia.org/wiki/Luciano_Burti,historical
55,alesi,NULL,NULL,Jean,Alesi,1964-06-11,French,http://en.wikipedia.org/wiki/Jean_Alesi,historical
56,irvine,NULL,NULL,Eddie,Irvine,1965-11-10,British,http://en.wikipedia.org/wiki/Eddie_Irvine,historical
57,hakkinen,NULL,NULL,Mika,Häkkinen,1968-09-28,Finnish,http://en.wikipedia.org/wiki/Mika_H%C3%A4kkinen,historical
58,marques,NULL,NULL,Tarso,Marques,1976-01-19,Brazilian,http://en.wikipedia.org/wiki/Tarso_Marques,historical
59,bernoldi,NULL,NULL,Enrique,Bernoldi,1978-10-19,Brazilian,http://en.wikipedia.org/wiki/Enrique_Bernoldi,historical
60,mazzacane,NULL,NULL,Gastón,Mazzacane,1975-05-08,Argentine,http://en.wikipedia.org/wiki/Gast%C3%B3n_Mazzacane,historical
61,enge,NULL,NULL,Tomáš,Enge,1976-09-11,Czech,http://en.wikipedia.org/wiki/Tom%C3%A1%C5%A1_Enge,historical
62,yoong,NULL,NULL,Alex,Yoong,1976-07-20,Malaysian,http://en.wikipedia.org/wiki/Alex_Yoong,historical
63,salo,NULL,NULL,Mika,Salo,1966-11-30,Finnish,http://en.wikipedia.org/wiki/Mika_Salo,historical
64,diniz,NULL,NULL,Pedro,Diniz,1970-05-22,Brazilian,http://en.wikipedia.org/wiki/Pedro_Diniz,historical
65,herbert,NULL,NULL,Johnny,Herbert,1964-06-25,British,http://en.wikipedia.org/wiki/Johnny_Herbert,historical
66,mcnish,NULL,NULL,Allan,McNish,1969-12-29,British,http://en.wikipedia.org/wiki/Allan_McNish,historical
67,buemi,NULL,BUE,Sébastien,Buemi,1988-10-31,Swiss,http://en.wikipedia.org/wiki/S%C3%A9bastien_Buemi,historical
68,takagi,NULL,NULL,Toranosuke,Takagi,1974-02-12,Japanese,http://en.wikipedia.org/wiki/Toranosuke_Takagi,historical
69,badoer,NULL,BAD,Luca,Badoer,1971-01-25,Italian,http://en.wikipedia.org/wiki/Luca_Badoer,historical
70,zanardi,NULL,NULL,Alessandro,Zanardi,1966-10-23,Italian,http://en.wikipedia.org/wiki/Alex_Zanardi,historical
71,damon_hill,NULL,NULL,Damon,Hill,1960-09-17,British,http://en.wikipedia.org/wiki/Damon_Hill,historical
72,sarrazin,NULL,NULL,Stéphane,Sarrazin,1975-11-02,French,http://en.wikipedia.org/wiki/St%C3%A9phane_Sarrazin,historical
73,rosset,NULL,NULL,Ricardo,Rosset,1968-07-27,Brazilian,http://en.wikipedia.org/wiki/Ricardo_Rosset,historical
74,tuero,NULL,NULL,Esteban,Tuero,1978-04-22,Argentine,http://en.wikipedia.org/wiki/Esteban_Tuero,historical
75,nakano,NULL,NULL,Shinji,Nakano,1971-04-01,Japanese,http://en.wikipedia.org/wiki/Shinji_Nakano,historical
76,magnussen,NULL,MAG,Jan,Magnussen,1973-07-04,Danish,http://en.wikipedia.org/wiki/Jan_Magnussen,historical
77,berger,NULL,NULL,Gerhard,Berger,1959-08-27,Austrian,http://en.wikipedia.org/wiki/Gerhard_Berger,historical
78,larini,NULL,NULL,Nicola,Larini,1964-03-19,Italian,http://en.wikipedia.org/wiki/Nicola_Larini,historical
79,katayama,NULL,NULL,Ukyo,Katayama,1963-05-29,Japanese,http://en.wikipedia.org/wiki/Ukyo_Katayama,historical
80,sospiri,NULL,NULL,Vincenzo,Sospiri,1966-10-07,Italian,http://en.wikipedia.org/wiki/Vincenzo_Sospiri,historical
81,morbidelli,NULL,NULL,Gianni,Morbidelli,1968-01-13,Italian,http://en.wikipedia.org/wiki/Gianni_Morbidelli,historical
82,fontana,NULL,NULL,Norberto,Fontana,1975-01-20,Argentine,http://en.wikipedia.org/wiki/Norberto_Fontana,historical
83,lamy,NULL,NULL,Pedro,Lamy,1972-03-20,Portuguese,http://en.wikipedia.org/wiki/Pedro_Lamy,historical
84,brundle,NULL,NULL,Martin,Brundle,1959-06-01,British,http://en.wikipedia.org/wiki/Martin_Brundle,historical
85,montermini,NULL,NULL,Andrea,Montermini,1964-05-30,Italian,http://en.wikipedia.org/wiki/Andrea_Montermini,historical
86,lavaggi,NULL,NULL,Giovanni,Lavaggi,1958-02-18,Italian,http://en.wikipedia.org/wiki/Giovanni_Lavaggi,historical
87,blundell,NULL,NULL,Mark,Blundell,1966-04-08,British,http://en.wikipedia.org/wiki/Mark_Blundell,historical
88,suzuki,NULL,NULL,Aguri,Suzuki,1960-09-08,Japanese,http://en.wikipedia.org/wiki/Aguri_Suzuki,historical
89,inoue,NULL,NULL,Taki,Inoue,1963-09-05,Japanese,http://en.wikipedia.org/wiki/Taki_Inoue,historical
90,moreno,NULL,NULL,Roberto,Moreno,1959-02-11,Brazilian,http://en.wikipedia.org/wiki/Roberto_Moreno,historical
91,wendlinger,NULL,NULL,Karl,Wendlinger,1968-12-20,Austrian,http://en.wikipedia.org/wiki/Karl_Wendlinger,historical
92,gachot,NULL,NULL,Bertrand,Gachot,1962-12-23,Belgian,http://en.wikipedia.org/wiki/Bertrand_Gachot,historical
93,schiattarella,NULL,NULL,Domenico,Schiattarella,1967-11-17,Italian,http://en.wikipedia.org/wiki/Domenico_Schiattarella,historical
94,martini,NULL,NULL,Pierluigi,Martini,1961-04-23,Italian,http://en.wikipedia.org/wiki/Pierluigi_Martini,historical
95,mansell,NULL,NULL,Nigel,Mansell,1953-08-08,British,http://en.wikipedia.org/wiki/Nigel_Mansell,historical
96,boullion,NULL,NULL,Jean-Christophe,Boullion,1969-12-27,French,http://en.wikipedia.org/wiki/Jean-Christophe_Boullion,historical
97,papis,NULL,NULL,Massimiliano,Papis,1969-10-03,Italian,http://en.wikipedia.org/wiki/Massimiliano_Papis,historical
98,deletraz,NULL,NULL,Jean-Denis,Délétraz,1963-10-01,Swiss,http://en.wikipedia.org/wiki/Jean-Denis_Deletraz,historical
99,tarquini,NULL,NULL,Gabriele,Tarquini,1962-03-02,Italian,http://en.wikipedia.org/wiki/Gabriele_Tarquini,historical
100,comas,NULL,NULL,Érik,Comas,1963-09-28,French,http://en.wikipedia.org/wiki/%C3%89rik_Comas,historical
101,brabham,NULL,NULL,David,Brabham,1965-09-05,Australian,http://en.wikipedia.org/wiki/David_Brabham,historical
102,senna,NULL,NULL,Ayrton,Senna,1960-03-21,Brazilian,http://en.wikipedia.org/wiki/Ayrton_Senna,historical
103,bernard,NULL,NULL,Éric,Bernard,1964-08-24,French,http://en.wikipedia.org/wiki/%C3%89ric_Bernard,historical
104,fittipaldi,NULL,NULL,Christian,Fittipaldi,1971-01-18,Brazilian,http://en.wikipedia.org/wiki/Christian_Fittipaldi,historical
105,alboreto,NULL,NULL,Michele,Alboreto,1956-12-23,Italian,http://en.wikipedia.org/wiki/Michele_Alboreto,historical
106,beretta,NULL,NULL,Olivier,Beretta,1969-11-23,Monegasque,http://en.wikipedia.org/wiki/Olivier_Beretta,historical
107,ratzenberger,NULL,NULL,Roland,Ratzenberger,1960-07-04,Austrian,http://en.wikipedia.org/wiki/Roland_Ratzenberger,historical
108,belmondo,NULL,NULL,Paul,Belmondo,1963-04-23,French,http://en.wikipedia.org/wiki/Paul_Belmondo,historical
109,lehto,NULL,NULL,Jyrki,Järvilehto,1966-01-31,Finnish,http://en.wikipedia.org/wiki/Jyrki_J%C3%A4rvilehto,historical
110,cesaris,NULL,NULL,Andrea,de Cesaris,1959-05-31,Italian,http://en.wikipedia.org/wiki/Andrea_de_Cesaris,historical
111,gounon,NULL,NULL,Jean-Marc,Gounon,1963-01-01,French,http://en.wikipedia.org/wiki/Jean-Marc_Gounon,historical
112,alliot,NULL,NULL,Philippe,Alliot,1954-07-27,French,http://en.wikipedia.org/wiki/Philippe_Alliot,historical
113,adams,NULL,NULL,Philippe,Adams,1969-11-19,Belgian,http://en.wikipedia.org/wiki/Philippe_Adams,historical
114,dalmas,NULL,NULL,Yannick,Dalmas,1961-07-28,French,http://en.wikipedia.org/wiki/Yannick_Dalmas,historical
115,noda,NULL,NULL,Hideki,Noda,1969-03-07,Japanese,http://en.wikipedia.org/wiki/Hideki_Noda,historical
116,lagorce,NULL,NULL,Franck,Lagorce,1968-09-01,French,http://en.wikipedia.org/wiki/Franck_Lagorce,historical
117,prost,NULL,NULL,Alain,Prost,1955-02-24,French,http://en.wikipedia.org/wiki/Alain_Prost,historical
118,warwick,NULL,NULL,Derek,Warwick,1954-08-27,British,http://en.wikipedia.org/wiki/Derek_Warwick,historical
119,patrese,NULL,NULL,Riccardo,Patrese,1954-04-17,Italian,http://en.wikipedia.org/wiki/Riccardo_Patrese,historical
120,barbazza,NULL,NULL,Fabrizio,Barbazza,1963-04-02,Italian,http://en.wikipedia.org/wiki/Fabrizio_Barbazza,historical
121,andretti,NULL,NULL,Michael,Andretti,1962-10-05,American,http://en.wikipedia.org/wiki/Michael_Andretti,historical
122,capelli,NULL,NULL,Ivan,Capelli,1963-05-24,Italian,http://en.wikipedia.org/wiki/Ivan_Capelli,historical
123,boutsen,NULL,NULL,Thierry,Boutsen,1957-07-13,Belgian,http://en.wikipedia.org/wiki/Thierry_Boutsen,historical
124,apicella,NULL,NULL,Marco,Apicella,1965-10-07,Italian,http://en.wikipedia.org/wiki/Marco_Apicella,historical
125,naspetti,NULL,NULL,Emanuele,Naspetti,1968-02-24,Italian,http://en.wikipedia.org/wiki/Emanuele_Naspetti,historical
126,toshio_suzuki,NULL,NULL,Toshio,Suzuki,1955-03-10,Japanese,http://en.wikipedia.org/wiki/Toshio_Suzuki_(driver),historical
127,gugelmin,NULL,NULL,Maurício,Gugelmin,1963-04-20,Brazilian,http://en.wikipedia.org/wiki/Maur%C3%ADcio_Gugelmin,historical
128,poele,NULL,NULL,Eric,van de Poele,1961-09-30,Belgian,http://en.wikipedia.org/wiki/Eric_van_de_Poele,historical
129,grouillard,NULL,NULL,Olivier,Grouillard,1958-09-02,French,http://en.wikipedia.org/wiki/Olivier_Grouillard,historical
130,chiesa,NULL,NULL,Andrea,Chiesa,1964-05-06,Swiss,http://en.wikipedia.org/wiki/Andrea_Chiesa,historical
131,modena,NULL,NULL,Stefano,Modena,1963-05-12,Italian,http://en.wikipedia.org/wiki/Stefano_Modena,historical
132,amati,NULL,NULL,Giovanna,Amati,1959-07-20,Italian,http://en.wikipedia.org/wiki/Giovanna_Amati,historical
133,caffi,NULL,NULL,Alex,Caffi,1964-03-18,Italian,http://en.wikipedia.org/wiki/Alex_Caffi,historical
134,bertaggia,NULL,NULL,Enrico,Bertaggia,1964-09-19,Italian,http://en.wikipedia.org/wiki/Enrico_Bertaggia,historical
135,mccarthy,NULL,NULL,Perry,McCarthy,1961-03-03,British,http://en.wikipedia.org/wiki/Perry_McCarthy,historical
136,lammers,NULL,NULL,Jan,Lammers,1956-06-02,Dutch,http://en.wikipedia.org/wiki/Jan_Lammers,historical
137,piquet,NULL,NULL,Nelson,Piquet,1952-08-17,Brazilian,http://en.wikipedia.org/wiki/Nelson_Piquet,historical
138,satoru_nakajima,NULL,NULL,Satoru,Nakajima,1953-02-23,Japanese,http://en.wikipedia.org/wiki/Satoru_Nakajima,historical
139,pirro,NULL,NULL,Emanuele,Pirro,1962-01-12,Italian,http://en.wikipedia.org/wiki/Emanuele_Pirro,historical
140,johansson,NULL,NULL,Stefan,Johansson,1956-09-08,Swedish,http://en.wikipedia.org/wiki/Stefan_Johansson,historical
141,bailey,NULL,NULL,Julian,Bailey,1961-10-09,British,http://en.wikipedia.org/wiki/Julian_Bailey,historical
142,chaves,NULL,NULL,Pedro,Chaves,1965-02-27,Portuguese,http://en.wikipedia.org/wiki/Pedro_Chaves,historical
143,bartels,NULL,NULL,Michael,Bartels,1968-03-08,German,http://en.wikipedia.org/wiki/Michael_Bartels,historical
144,hattori,NULL,NULL,Naoki,Hattori,1966-06-13,Japanese,http://en.wikipedia.org/wiki/Naoki_Hattori,historical
145,nannini,NULL,NULL,Alessandro,Nannini,1959-07-07,Italian,http://en.wikipedia.org/wiki/Alessandro_Nannini,historical
146,schneider,NULL,NULL,Bernd,Schneider,1964-07-20,German,http://en.wikipedia.org/wiki/Bernd_Schneider_(racecar_driver),historical
147,barilla,NULL,NULL,Paolo,Barilla,1961-04-20,Italian,http://en.wikipedia.org/wiki/Paolo_Barilla,historical
148,foitek,NULL,NULL,Gregor,Foitek,1965-03-27,Swiss,http://en.wikipedia.org/wiki/Gregor_Foitek,historical
149,langes,NULL,NULL,Claudio,Langes,1960-07-20,Italian,http://en.wikipedia.org/wiki/Claudio_Langes,historical
150,gary_brabham,NULL,NULL,Gary,Brabham,1961-03-29,Australian,http://en.wikipedia.org/wiki/Gary_Brabham,historical
151,donnelly,NULL,NULL,Martin,Donnelly,1964-03-26,British,http://en.wikipedia.org/wiki/Martin_Donnelly_(racing_driver),historical
152,giacomelli,NULL,NULL,Bruno,Giacomelli,1952-09-10,Italian,http://en.wikipedia.org/wiki/Bruno_Giacomelli,historical
153,alguersuari,NULL,ALG,Jaime,Alguersuari,1990-03-23,Spanish,http://en.wikipedia.org/wiki/Jaime_Alguersuari,historical
154,grosjean,8,GRO,Romain,Grosjean,1986-04-17,French,http://en.wikipedia.org/wiki/Romain_Grosjean,historical
155,kobayashi,10,KOB,Kamui,Kobayashi,1986-09-13,Japanese,http://en.wikipedia.org/wiki/Kamui_Kobayashi,historical
156,palmer,NULL,NULL,Jonathan,Palmer,1956-11-07,British,http://en.wikipedia.org/wiki/Jonathan_Palmer,historical
157,danner,NULL,NULL,Christian,Danner,1958-04-04,German,http://en.wikipedia.org/wiki/Christian_Danner,historical
158,cheever,NULL,NULL,Eddie,Cheever,1958-01-10,American,http://en.wikipedia.org/wiki/Eddie_Cheever,historical
159,sala,NULL,NULL,Luis,Pérez-Sala,1959-05-15,Spanish,http://en.wikipedia.org/wiki/Luis_Perez-Sala,historical
160,ghinzani,NULL,NULL,Piercarlo,Ghinzani,1952-01-16,Italian,http://en.wikipedia.org/wiki/Piercarlo_Ghinzani,historical
161,weidler,NULL,NULL,Volker,Weidler,1962-03-18,German,http://en.wikipedia.org/wiki/Volker_Weidler,historical
162,raphanel,NULL,NULL,Pierre-Henri,Raphanel,1961-05-27,French,http://en.wikipedia.org/wiki/Pierre-Henri_Raphanel,historical
163,arnoux,NULL,NULL,René,Arnoux,1948-07-04,French,http://en.wikipedia.org/wiki/Ren%C3%A9_Arnoux,historical
164,joachim_winkelhock,NULL,NULL,Joachim,Winkelhock,1960-10-24,German,http://en.wikipedia.org/wiki/Joachim_Winkelhock,historical
165,larrauri,NULL,NULL,Oscar,Larrauri,1954-08-19,Argentine,http://en.wikipedia.org/wiki/Oscar_Larrauri,historical
166,streiff,NULL,NULL,Philippe,Streiff,1955-06-26,French,http://en.wikipedia.org/wiki/Philippe_Streiff,historical
167,campos,NULL,NULL,Adrián,Campos,1960-06-17,Spanish,http://en.wikipedia.org/wiki/Adri%C3%A1n_Campos,historical
168,schlesser,NULL,NULL,Jean-Louis,Schlesser,1948-09-12,French,http://en.wikipedia.org/wiki/Jean-Louis_Schlesser,historical
169,fabre,NULL,NULL,Pascal,Fabre,1960-01-09,French,http://en.wikipedia.org/wiki/Pascal_Fabre,historical
170,fabi,NULL,NULL,Teo,Fabi,1955-03-09,Italian,http://en.wikipedia.org/wiki/Teo_Fabi,historical
171,forini,NULL,NULL,Franco,Forini,1958-09-22,Swiss,http://en.wikipedia.org/wiki/Franco_Forini,historical
172,laffite,NULL,NULL,Jacques,Laffite,1943-11-21,French,http://en.wikipedia.org/wiki/Jacques_Laffite,historical
173,angelis,NULL,NULL,Elio,de Angelis,1958-03-26,Italian,http://en.wikipedia.org/wiki/Elio_de_Angelis,historical
174,dumfries,NULL,NULL,Johnny,Dumfries,1958-04-26,British,http://en.wikipedia.org/wiki/Johnny_Dumfries,historical
175,tambay,NULL,NULL,Patrick,Tambay,1949-06-25,French,http://en.wikipedia.org/wiki/Patrick_Tambay,historical
176,surer,NULL,NULL,Marc,Surer,1951-09-18,Swiss,http://en.wikipedia.org/wiki/Marc_Surer,historical
177,keke_rosberg,NULL,NULL,Keke,Rosberg,1948-12-06,Finnish,http://en.wikipedia.org/wiki/Keke_Rosberg,historical
178,jones,NULL,NULL,Alan,Jones,1946-11-02,Australian,http://en.wikipedia.org/wiki/Alan_Jones_(Formula_1),historical
179,rothengatter,NULL,NULL,Huub,Rothengatter,1954-10-08,Dutch,http://en.wikipedia.org/wiki/Huub_Rothengatter,historical
180,berg,NULL,NULL,Allen,Berg,1961-08-01,Canadian,http://en.wikipedia.org/wiki/Allen_Berg,historical
181,manfred_winkelhock,NULL,NULL,Manfred,Winkelhock,1951-10-06,German,http://en.wikipedia.org/wiki/Manfred_Winkelhock,historical
182,lauda,NULL,NULL,Niki,Lauda,1949-02-22,Austrian,http://en.wikipedia.org/wiki/Niki_Lauda,historical
183,hesnault,NULL,NULL,François,Hesnault,1956-12-30,French,http://en.wikipedia.org/wiki/Fran%C3%A7ois_Hesnault,historical
184,baldi,NULL,NULL,Mauro,Baldi,1954-01-31,Italian,http://en.wikipedia.org/wiki/Mauro_Baldi,historical
185,bellof,NULL,NULL,Stefan,Bellof,1957-11-20,German,http://en.wikipedia.org/wiki/Stefan_Bellof,historical
186,acheson,NULL,NULL,Kenny,Acheson,1957-11-27,British,http://en.wikipedia.org/wiki/Kenny_Acheson,historical
187,watson,NULL,NULL,John,Watson,1946-05-04,British,http://en.wikipedia.org/wiki/John_Watson_(racing_driver),historical
188,cecotto,NULL,NULL,Johnny,Cecotto,1956-01-25,Venezuelan,http://en.wikipedia.org/wiki/Johnny_Cecotto,historical
189,gartner,NULL,NULL,Jo,Gartner,1954-01-24,Austrian,http://en.wikipedia.org/wiki/Jo_Gartner,historical
190,corrado_fabi,NULL,NULL,Corrado,Fabi,1961-04-12,Italian,http://en.wikipedia.org/wiki/Corrado_Fabi,historical
191,thackwell,NULL,NULL,Mike,Thackwell,1961-03-30,New Zealander,http://en.wikipedia.org/wiki/Mike_Thackwell,historical
192,serra,NULL,NULL,Chico,Serra,1957-02-03,Brazilian,http://en.wikipedia.org/wiki/Chico_Serra,historical
193,sullivan,NULL,NULL,Danny,Sullivan,1950-03-09,American,http://en.wikipedia.org/wiki/Danny_Sullivan,historical
194,salazar,NULL,NULL,Eliseo,Salazar,1954-11-14,Chilean,http://en.wikipedia.org/wiki/Eliseo_Salazar,historical
195,guerrero,NULL,NULL,Roberto,Guerrero,1958-11-16,Colombian,http://en.wikipedia.org/wiki/Roberto_Guerrero,historical
196,boesel,NULL,NULL,Raul,Boesel,1957-12-04,Brazilian,http://en.wikipedia.org/wiki/Raul_Boesel,historical
197,jarier,NULL,NULL,Jean-Pierre,Jarier,1946-07-10,French,http://en.wikipedia.org/wiki/Jean-Pierre_Jarier,historical
198,villeneuve_sr,NULL,NULL,Jacques,Villeneuve Sr.,1953-11-04,Canadian,http://en.wikipedia.org/wiki/Jacques_Villeneuve_(elder),historical
199,reutemann,NULL,NULL,Carlos,Reutemann,1942-04-12,Argentine,http://en.wikipedia.org/wiki/Carlos_Reutemann,historical
200,mass,NULL,NULL,Jochen,Mass,1946-09-30,German,http://en.wikipedia.org/wiki/Jochen_Mass,historical
201,borgudd,NULL,NULL,Slim,Borgudd,1946-11-25,Swedish,http://en.wikipedia.org/wiki/Slim_Borgudd,historical
202,pironi,NULL,NULL,Didier,Pironi,1952-03-26,French,http://en.wikipedia.org/wiki/Didier_Pironi,historical
203,gilles_villeneuve,NULL,NULL,Gilles,Villeneuve,1950-01-18,Canadian,http://en.wikipedia.org/wiki/Gilles_Villeneuve,historical
204,paletti,NULL,NULL,Riccardo,Paletti,1958-06-15,Italian,http://en.wikipedia.org/wiki/Riccardo_Paletti,historical
205,henton,NULL,NULL,Brian,Henton,1946-09-19,British,http://en.wikipedia.org/wiki/Brian_Henton,historical
206,daly,NULL,NULL,Derek,Daly,1953-03-11,Irish,http://en.wikipedia.org/wiki/Derek_Daly,historical
207,mario_andretti,NULL,NULL,Mario,Andretti,1940-02-28,American,http://en.wikipedia.org/wiki/Mario_Andretti,historical
208,villota,NULL,NULL,Emilio,de Villota,1946-07-26,Spanish,http://en.wikipedia.org/wiki/Emilio_de_Villota,historical
209,lees,NULL,NULL,Geoff,Lees,1951-05-01,British,http://en.wikipedia.org/wiki/Geoff_Lees,historical
210,byrne,NULL,NULL,Tommy,Byrne,1958-05-06,Irish,http://en.wikipedia.org/wiki/Tommy_Byrne_%28racing_driver%29,historical
211,keegan,NULL,NULL,Rupert,Keegan,1955-02-26,British,http://en.wikipedia.org/wiki/Rupert_Keegan,historical
212,rebaque,NULL,NULL,Hector,Rebaque,1956-02-05,Mexican,http://en.wikipedia.org/wiki/Hector_Rebaque,historical
213,gabbiani,NULL,NULL,Beppe,Gabbiani,1957-01-02,Italian,http://en.wikipedia.org/wiki/Beppe_Gabbiani,historical
214,cogan,NULL,NULL,Kevin,Cogan,1956-03-31,American,http://en.wikipedia.org/wiki/Kevin_Cogan,historical
215,guerra,NULL,NULL,Miguel Ángel,Guerra,1953-08-31,Argentine,http://en.wikipedia.org/wiki/Miguel_Angel_Guerra,historical
216,stohr,NULL,NULL,Siegfried,Stohr,1952-10-10,Italian,http://en.wikipedia.org/wiki/Siegfried_Stohr,historical
217,zunino,NULL,NULL,Ricardo,Zunino,1949-04-13,Argentine,http://en.wikipedia.org/wiki/Ricardo_Zunino,historical
218,londono,NULL,NULL,Ricardo,Londoño,1949-08-08,Colombian,http://en.wikipedia.org/wiki/Ricardo_Londo%C3%B1o,historical
219,jabouille,NULL,NULL,Jean-Pierre,Jabouille,1942-10-01,French,http://en.wikipedia.org/wiki/Jean-Pierre_Jabouille,historical
220,francia,NULL,NULL,Giorgio,Francia,1947-11-08,Italian,http://en.wikipedia.org/wiki/Giorgio_Francia,historical
221,depailler,NULL,NULL,Patrick,Depailler,1944-08-09,French,http://en.wikipedia.org/wiki/Patrick_Depailler,historical
222,scheckter,NULL,NULL,Jody,Scheckter,1950-01-29,South African,http://en.wikipedia.org/wiki/Jody_Scheckter,historical
223,regazzoni,NULL,NULL,Clay,Regazzoni,1939-09-05,Swiss,http://en.wikipedia.org/wiki/Clay_Regazzoni,historical
224,emerson_fittipaldi,NULL,NULL,Emerson,Fittipaldi,1946-12-12,Brazilian,http://en.wikipedia.org/wiki/Emerson_Fittipaldi,historical
225,kennedy,NULL,NULL,Dave,Kennedy,1953-01-15,Irish,http://en.wikipedia.org/wiki/David_Kennedy_(racing_driver),historical
226,south,NULL,NULL,Stephen,South,1952-02-19,British,http://en.wikipedia.org/wiki/Stephen_South,historical
227,needell,NULL,NULL,Tiff,Needell,1951-10-29,British,http://en.wikipedia.org/wiki/Tiff_Needell,historical
228,desire_wilson,NULL,NULL,Desiré,Wilson,1953-11-26,South African,http://en.wikipedia.org/wiki/Desir%C3%A9_Wilson,historical
229,ertl,NULL,NULL,Harald,Ertl,1948-08-31,Austrian,http://en.wikipedia.org/wiki/Harald_Ertl,historical
230,brambilla,NULL,NULL,Vittorio,Brambilla,1937-11-11,Italian,http://en.wikipedia.org/wiki/Vittorio_Brambilla,historical
231,hunt,NULL,NULL,James,Hunt,1947-08-29,British,http://en.wikipedia.org/wiki/James_Hunt,historical
232,merzario,NULL,NULL,Arturo,Merzario,1943-03-11,Italian,http://en.wikipedia.org/wiki/Arturo_Merzario,historical
233,stuck,NULL,NULL,Hans-Joachim,Stuck,1951-01-01,German,http://en.wikipedia.org/wiki/Hans_Joachim_Stuck,historical
234,brancatelli,NULL,NULL,Gianfranco,Brancatelli,1950-01-18,Italian,http://en.wikipedia.org/wiki/Gianfranco_Brancatelli,historical
235,ickx,NULL,NULL,Jacky,Ickx,1945-01-01,Belgian,http://en.wikipedia.org/wiki/Jacky_Ickx,historical
236,gaillard,NULL,NULL,Patrick,Gaillard,1952-02-12,French,http://en.wikipedia.org/wiki/Patrick_Gaillard,historical
237,ribeiro,NULL,NULL,Alex,Ribeiro,1948-11-07,Brazilian,http://en.wikipedia.org/wiki/Alex_Ribeiro,historical
238,peterson,NULL,NULL,Ronnie,Peterson,1944-02-14,Swedish,http://en.wikipedia.org/wiki/Ronnie_Peterson,historical
239,lunger,NULL,NULL,Brett,Lunger,1945-11-14,American,http://en.wikipedia.org/wiki/Brett_Lunger,historical
240,ongais,NULL,NULL,Danny,Ongais,1942-05-21,American,http://en.wikipedia.org/wiki/Danny_Ongais,historical
241,leoni,NULL,NULL,Lamberto,Leoni,1953-05-24,Italian,http://en.wikipedia.org/wiki/Lamberto_Leoni,historical
242,galica,NULL,NULL,Divina,Galica,1944-08-13,British,http://en.wikipedia.org/wiki/Divina_Galica,historical
243,stommelen,NULL,NULL,Rolf,Stommelen,1943-07-11,German,http://en.wikipedia.org/wiki/Rolf_Stommelen,historical
244,colombo,NULL,NULL,Alberto,Colombo,1946-02-23,Italian,http://en.wikipedia.org/wiki/Alberto_Colombo,historical
245,trimmer,NULL,NULL,Tony,Trimmer,1943-01-24,British,http://en.wikipedia.org/wiki/Tony_Trimmer,historical
246,binder,NULL,NULL,Hans,Binder,1948-06-12,Austrian,http://en.wikipedia.org/wiki/Hans_Binder,historical
247,bleekemolen,NULL,NULL,Michael,Bleekemolen,1949-10-02,Dutch,http://en.wikipedia.org/wiki/Michael_Bleekemolen,historical
248,gimax,NULL,NULL,Carlo,Franchi,1938-01-01,Italian,http://en.wikipedia.org/wiki/Gimax,historical
249,rahal,NULL,NULL,Bobby,Rahal,1953-01-10,American,http://en.wikipedia.org/wiki/Bobby_Rahal,historical
250,pace,NULL,NULL,Carlos,Pace,1944-10-06,Brazilian,http://en.wikipedia.org/wiki/Carlos_Pace,historical
251,ian_scheckter,NULL,NULL,Ian,Scheckter,1947-08-22,South African,http://en.wikipedia.org/wiki/Ian_Scheckter,historical
252,pryce,NULL,NULL,Tom,Pryce,1949-06-11,British,http://en.wikipedia.org/wiki/Tom_Pryce,historical
253,hoffmann,NULL,NULL,Ingo,Hoffmann,1953-02-28,Brazilian,http://en.wikipedia.org/wiki/Ingo_Hoffmann,historical
254,zorzi,NULL,NULL,Renzo,Zorzi,1946-12-12,Italian,http://en.wikipedia.org/wiki/Renzo_Zorzi,historical
255,nilsson,NULL,NULL,Gunnar,Nilsson,1948-11-20,Swedish,http://en.wikipedia.org/wiki/Gunnar_Nilsson,historical
256,perkins,NULL,NULL,Larry,Perkins,1950-03-18,Australian,http://en.wikipedia.org/wiki/Larry_Perkins,historical
257,hayje,NULL,NULL,Boy,Lunger,1949-05-03,Dutch,http://en.wikipedia.org/wiki/Boy_Hayje,historical
258,neve,NULL,NULL,Patrick,Nève,1949-10-13,Belgian,http://en.wikipedia.org/wiki/Patrick_Neve,historical
259,purley,NULL,NULL,David,Purley,1945-01-26,British,http://en.wikipedia.org/wiki/David_Purley,historical
260,andersson,NULL,NULL,Conny,Andersson,1939-12-28,Swedish,http://en.wikipedia.org/wiki/Conny_Andersson_(racing_driver),historical
261,dryver,NULL,NULL,Bernard,de Dryver,1952-09-19,Belgian,http://en.wikipedia.org/wiki/Bernard_de_Dryver,historical
262,oliver,NULL,NULL,Jackie,Oliver,1942-08-14,British,http://en.wikipedia.org/wiki/Jackie_Oliver,historical
263,kozarowitzky,NULL,NULL,Mikko,Kozarowitzky,1948-05-17,Finnish,http://en.wikipedia.org/wiki/Mikko_Kozarowitzky,historical
264,sutcliffe,NULL,NULL,Andy,Sutcliffe,1947-05-09,British,http://en.wikipedia.org/wiki/Andy_Sutcliffe,historical
265,edwards,NULL,NULL,Guy,Edwards,1942-12-30,British,http://en.wikipedia.org/wiki/Guy_Edwards,historical
266,mcguire,NULL,NULL,Brian,McGuire,1945-12-13,Australian,http://en.wikipedia.org/wiki/Brian_McGuire,historical
267,schuppan,NULL,NULL,Vern,Schuppan,1943-03-19,Australian,http://en.wikipedia.org/wiki/Vern_Schuppan,historical
268,heyer,NULL,NULL,Hans,Heyer,1943-03-16,German,http://en.wikipedia.org/wiki/Hans_Heyer,historical
269,pilette,NULL,NULL,Teddy,Pilette,1942-07-26,Belgian,http://en.wikipedia.org/wiki/Teddy_Pilette,historical
270,ashley,NULL,NULL,Ian,Ashley,1947-10-26,British,http://en.wikipedia.org/wiki/Ian_Ashley,historical
271,kessel,NULL,NULL,Loris,Kessel,1950-04-01,Swiss,http://en.wikipedia.org/wiki/Loris_Kessel,historical
272,takahashi,NULL,NULL,Kunimitsu,Takahashi,1940-01-29,Japanese,http://en.wikipedia.org/wiki/Kunimitsu_Takahashi,historical
273,hoshino,NULL,NULL,Kazuyoshi,Hoshino,1947-07-01,Japanese,http://en.wikipedia.org/wiki/Kazuyoshi_Hoshino,historical
274,takahara,NULL,NULL,Noritake,Takahara,1951-06-06,Japanese,http://en.wikipedia.org/wiki/Noritake_Takahara,historical
275,lombardi,NULL,NULL,Lella,Lombardi,1941-03-26,Italian,http://en.wikipedia.org/wiki/Lella_Lombardi,historical
276,evans,NULL,NULL,Bob,Evans,1947-06-11,British,http://en.wikipedia.org/wiki/Bob_Evans_(race_driver),historical
277,leclere,NULL,NULL,Michel,Leclère,1946-03-18,French,http://en.wikipedia.org/wiki/Michel_Lecl%C3%A8re,historical
278,amon,NULL,NULL,Chris,Amon,1943-07-20,New Zealander,http://en.wikipedia.org/wiki/Chris_Amon,historical
279,zapico,NULL,NULL,Emilio,Zapico,1944-05-27,Spanish,http://en.wikipedia.org/wiki/Emilio_Zapico,historical
280,pescarolo,NULL,NULL,Henri,Pescarolo,1942-09-25,French,http://en.wikipedia.org/wiki/Henri_Pescarolo,historical
281,nelleman,NULL,NULL,Jac,Nelleman,1944-04-19,Danish,http://en.wikipedia.org/wiki/Jac_Nelleman,historical
282,magee,NULL,NULL,Damien,Magee,1945-11-17,British,http://en.wikipedia.org/wiki/Damien_Magee,historical
283,wilds,NULL,NULL,Mike,Wilds,1946-01-07,British,http://en.wikipedia.org/wiki/Mike_Wilds,historical
284,pesenti_rossi,NULL,NULL,Alessandro,Pesenti-Rossi,1942-08-31,Italian,http://en.wikipedia.org/wiki/Alessandro_Pesenti-Rossi,historical
285,stuppacher,NULL,NULL,Otto,Stuppacher,1947-03-03,Austrian,http://en.wikipedia.org/wiki/Otto_Stuppacher,historical
286,brown,NULL,NULL,Warwick,Brown,1949-12-24,Australian,http://en.wikipedia.org/wiki/Warwick_Brown,historical
287,hasemi,NULL,NULL,Masahiro,Hasemi,1945-11-13,Japanese,http://en.wikipedia.org/wiki/Masahiro_Hasemi,historical
288,donohue,NULL,NULL,Mark,Donohue,1937-03-18,American,http://en.wikipedia.org/wiki/Mark_Donohue,historical
289,hill,NULL,NULL,Graham,Hill,1929-02-15,British,http://en.wikipedia.org/wiki/Graham_Hill,historical
290,wilson_fittipaldi,NULL,NULL,Wilson,Fittipaldi,1943-12-25,Brazilian,http://en.wikipedia.org/wiki/Wilson_Fittipaldi,historical
291,tunmer,NULL,NULL,Guy,Tunmer,1948-12-01,South African,http://en.wikipedia.org/wiki/Guy_Tunmer,historical
292,keizan,NULL,NULL,Eddie,Keizan,1944-09-12,South African,http://en.wikipedia.org/wiki/Eddie_Keizan,historical
293,charlton,NULL,NULL,Dave,Charlton,1936-10-27,South African,http://en.wikipedia.org/wiki/Dave_Charlton,historical
294,brise,NULL,NULL,Tony,Brise,1952-03-28,British,http://en.wikipedia.org/wiki/Tony_Brise,historical
295,wunderink,NULL,NULL,Roelof,Wunderink,1948-12-12,Dutch,http://en.wikipedia.org/wiki/Roelof_Wunderink,historical
296,migault,NULL,NULL,François,Migault,1944-12-04,French,http://en.wikipedia.org/wiki/Fran%C3%A7ois_Migault,historical
297,palm,NULL,NULL,Torsten,Palm,1947-07-23,Swedish,http://en.wikipedia.org/wiki/Torsten_Palm,historical
298,lennep,NULL,NULL,Gijs,van Lennep,1942-03-16,Dutch,http://en.wikipedia.org/wiki/Gijs_Van_Lennep,historical
299,fushida,NULL,NULL,Hiroshi,Fushida,1946-03-10,Japanese,http://en.wikipedia.org/wiki/Hiroshi_Fushida,historical
300,nicholson,NULL,NULL,John,Nicholson,1941-10-06,New Zealander,http://en.wikipedia.org/wiki/John_Nicholson_(racing_driver),historical
301,morgan,NULL,NULL,Dave,Morgan,1944-08-07,British,http://en.wikipedia.org/wiki/Dave_Morgan_(racing_driver),historical
302,crawford,NULL,NULL,Jim,Crawford,1948-02-13,British,http://en.wikipedia.org/wiki/Jim_Crawford_(driver),historical
303,vonlanthen,NULL,NULL,Jo,Vonlanthen,1942-05-31,Swiss,http://en.wikipedia.org/wiki/Jo_Vonlanthen,historical
304,hulme,NULL,NULL,Denny,Hulme,1936-06-18,New Zealander,http://en.wikipedia.org/wiki/Denny_Hulme,historical
305,hailwood,NULL,NULL,Mike,Hailwood,1940-04-02,British,http://en.wikipedia.org/wiki/Mike_Hailwood,historical
306,beltoise,NULL,NULL,Jean-Pierre,Beltoise,1937-04-26,French,http://en.wikipedia.org/wiki/Jean-Pierre_Beltoise,historical
307,ganley,NULL,NULL,Howden,Ganley,1941-12-24,New Zealander,http://en.wikipedia.org/wiki/Howden_Ganley,historical
308,robarts,NULL,NULL,Richard,Robarts,1944-09-22,British,http://en.wikipedia.org/wiki/Richard_Robarts,historical
309,revson,NULL,NULL,Peter,Revson,1939-02-27,American,http://en.wikipedia.org/wiki/Peter_Revson,historical
310,driver,NULL,NULL,Paddy,Driver,1934-05-13,South African,http://en.wikipedia.org/wiki/Paddy_Driver,historical
311,belso,NULL,NULL,Tom,Belsø,1942-08-27,Danish,http://en.wikipedia.org/wiki/Tom_Bels%C3%B8,historical
312,redman,NULL,NULL,Brian,Redman,1937-03-09,British,http://en.wikipedia.org/wiki/Brian_Redman,historical
313,opel,NULL,NULL,Rikky,von Opel,1947-10-14,Liechtensteiner,http://en.wikipedia.org/wiki/Rikky_von_Opel,historical
314,schenken,NULL,NULL,Tim,Schenken,1943-09-26,Australian,http://en.wikipedia.org/wiki/Tim_Schenken,historical
315,larrousse,NULL,NULL,Gérard,Larrousse,1940-05-23,French,http://en.wikipedia.org/wiki/G%C3%A9rard_Larrousse,historical
316,kinnunen,NULL,NULL,Leo,Kinnunen,1943-08-05,Finnish,http://en.wikipedia.org/wiki/Leo_Kinnunen,historical
317,wisell,NULL,NULL,Reine,Wisell,1941-09-30,Swedish,http://en.wikipedia.org/wiki/Reine_Wisell,historical
318,roos,NULL,NULL,Bertil,Roos,1943-10-12,Swedish,http://en.wikipedia.org/wiki/Bertil_Roos,historical
319,dolhem,NULL,NULL,José,Dolhem,1944-04-26,French,http://en.wikipedia.org/wiki/Jos%C3%A9_Dolhem,historical
320,gethin,NULL,NULL,Peter,Gethin,1940-02-21,British,http://en.wikipedia.org/wiki/Peter_Gethin,historical
321,bell,NULL,NULL,Derek,Bell,1941-10-31,British,http://en.wikipedia.org/wiki/Derek_Bell_(auto_racer),historical
322,hobbs,NULL,NULL,David,Hobbs,1939-06-09,British,http://en.wikipedia.org/wiki/David_Hobbs_(racing_driver),historical
323,quester,NULL,NULL,Dieter,Quester,1939-05-30,Austrian,http://en.wikipedia.org/wiki/Dieter_Quester,historical
324,koinigg,NULL,NULL,Helmuth,Koinigg,1948-11-03,Austrian,http://en.wikipedia.org/wiki/Helmuth_Koinigg,historical
325,facetti,NULL,NULL,Carlo,Facetti,1935-06-26,Italian,http://en.wikipedia.org/wiki/Carlo_Facetti,historical
326,wietzes,NULL,NULL,Eppie,Wietzes,1938-05-28,Canadian,http://en.wikipedia.org/wiki/Eppie_Wietzes,historical
327,cevert,NULL,NULL,François,Cevert,1944-02-25,French,http://en.wikipedia.org/wiki/Fran%C3%A7ois_Cevert,historical
328,stewart,NULL,NULL,Jackie,Stewart,1939-06-11,British,http://en.wikipedia.org/wiki/Jackie_Stewart,historical
329,beuttler,NULL,NULL,Mike,Beuttler,1940-04-13,British,http://en.wikipedia.org/wiki/Mike_Beuttler,historical
330,galli,NULL,NULL,Nanni,Galli,1940-10-02,Italian,http://en.wikipedia.org/wiki/Nanni_Galli,historical
331,bueno,NULL,NULL,Luiz,Bueno,1937-01-16,Brazilian,http://en.wikipedia.org/wiki/Luiz_Bueno,historical
332,follmer,NULL,NULL,George,Follmer,1934-01-27,American,http://en.wikipedia.org/wiki/George_Follmer,historical
333,adamich,NULL,NULL,Andrea,de Adamich,1941-10-03,Italian,http://en.wikipedia.org/wiki/Andrea_de_Adamich,historical
334,pretorius,NULL,NULL,Jackie,Pretorius,1934-11-22,South African,http://en.wikipedia.org/wiki/Jackie_Pretorius,historical
335,williamson,NULL,NULL,Roger,Williamson,1948-02-02,British,http://en.wikipedia.org/wiki/Roger_Williamson,historical
336,mcrae,NULL,NULL,Graham,McRae,1940-03-05,New Zealander,http://en.wikipedia.org/wiki/Graham_McRae,historical
337,marko,NULL,NULL,Helmut,Marko,1943-04-27,Austrian,http://en.wikipedia.org/wiki/Helmut_Marko,historical
338,walker,NULL,NULL,David,Walker,1941-06-10,Australian,http://en.wikipedia.org/wiki/David_Walker_(racing_driver),historical
339,roig,NULL,NULL,Alex,Soler-Roig,1932-10-29,Spanish,http://en.wikipedia.org/wiki/Alex_Soler-Roig,historical
340,love,NULL,NULL,John,Love,1924-12-07,Rhodesian,http://en.wikipedia.org/wiki/John_Love_(racing_driver),historical
341,surtees,NULL,NULL,John,Surtees,1934-02-11,British,http://en.wikipedia.org/wiki/John_Surtees,historical
342,barber,NULL,NULL,Skip,Barber,1936-11-16,American,http://en.wikipedia.org/wiki/Skip_Barber,historical
343,brack,NULL,NULL,Bill,Brack,1935-12-26,Canadian,http://en.wikipedia.org/wiki/Bill_Brack,historical
344,posey,NULL,NULL,Sam,Posey,1944-05-26,American,http://en.wikipedia.org/wiki/Sam_Posey,historical
345,rodriguez,NULL,NULL,Pedro,Rodríguez,1940-01-18,Mexican,http://en.wikipedia.org/wiki/Pedro_Rodr%C3%ADguez_(racing_driver),historical
346,siffert,NULL,NULL,Jo,Siffert,1936-07-07,Swiss,http://en.wikipedia.org/wiki/Jo_Siffert,historical
347,bonnier,NULL,NULL,Jo,Bonnier,1930-01-31,Swedish,http://en.wikipedia.org/wiki/Joakim_Bonnier,historical
348,mazet,NULL,NULL,François,Mazet,1943-02-24,French,http://en.wikipedia.org/wiki/Fran%C3%A7ois_Mazet,historical
349,jean,NULL,NULL,Max,Jean,1943-07-27,French,http://en.wikipedia.org/wiki/Max_Jean,historical
350,elford,NULL,NULL,Vic,Elford,1935-06-10,British,http://en.wikipedia.org/wiki/Vic_Elford,historical
351,moser,NULL,NULL,Silvio,Moser,1941-04-24,Swiss,http://en.wikipedia.org/wiki/Silvio_Moser,historical
352,eaton,NULL,NULL,George,Eaton,1945-11-12,Canadian,http://en.wikipedia.org/wiki/George_Eaton,historical
353,lovely,NULL,NULL,Pete,Lovely,1926-04-11,American,http://en.wikipedia.org/wiki/Pete_Lovely,historical
354,craft,NULL,NULL,Chris,Craft,1939-11-17,British,http://en.wikipedia.org/wiki/Chris_Craft_(racing_driver),historical
355,Cannoc,NULL,NULL,John,Cannon,1933-06-21,Canadian,http://en.wikipedia.org/wiki/John_Cannon_(auto_racer),historical
356,jack_brabham,NULL,NULL,Jack,Brabham,1926-04-02,Australian,http://en.wikipedia.org/wiki/Jack_Brabham,historical
357,miles,NULL,NULL,John,Miles,1943-06-14,British,http://en.wikipedia.org/wiki/John_Miles_(auto_racer),historical
358,rindt,NULL,NULL,Jochen,Rindt,1942-04-18,Austrian,http://en.wikipedia.org/wiki/Jochen_Rindt,historical
359,gavin,NULL,NULL,Johnny,Servoz-Gavin,1942-01-18,French,http://en.wikipedia.org/wiki/Johnny_Servoz-Gavin,historical
360,mclaren,NULL,NULL,Bruce,McLaren,1937-08-30,New Zealander,http://en.wikipedia.org/wiki/Bruce_McLaren,historical
361,courage,NULL,NULL,Piers,Courage,1942-05-27,British,http://en.wikipedia.org/wiki/Piers_Courage,historical
362,klerk,NULL,NULL,Peter,de Klerk,1935-03-16,South African,http://en.wikipedia.org/wiki/Peter_de_Klerk,historical
363,giunti,NULL,NULL,Ignazio,Giunti,1941-08-30,Italian,http://en.wikipedia.org/wiki/Ignazio_Giunti,historical
364,gurney,NULL,NULL,Dan,Gurney,1931-04-13,American,http://en.wikipedia.org/wiki/Dan_Gurney,historical
365,hahne,NULL,NULL,Hubert,Hahne,1935-03-28,German,http://en.wikipedia.org/wiki/Hubert_Hahne,historical
366,hutchison,NULL,NULL,Gus,Hutchison,1937-04-26,American,http://en.wikipedia.org/wiki/Gus_Hutchison,historical
367,westbury,NULL,NULL,Peter,Westbury,1938-05-26,British,http://en.wikipedia.org/wiki/Peter_Westbury,historical
368,tingle,NULL,NULL,Sam,Tingle,1921-08-24,Rhodesian,http://en.wikipedia.org/wiki/Sam_Tingle,historical
369,rooyen,NULL,NULL,Basil,van Rooyen,1939-04-19,South African,http://en.wikipedia.org/wiki/Basil_van_Rooyen,historical
370,attwood,NULL,NULL,Richard,Attwood,1940-04-04,British,http://en.wikipedia.org/wiki/Richard_Attwood,historical
371,pease,NULL,NULL,Al,Pease,1921-10-15,Canadian,http://en.wikipedia.org/wiki/Al_Pease,historical
372,cordts,NULL,NULL,John,Cordts,1935-07-23,Canadian,http://en.wikipedia.org/wiki/John_Cordts,historical
373,clark,NULL,NULL,Jim,Clark,1936-03-04,British,http://en.wikipedia.org/wiki/Jim_Clark,historical
374,spence,NULL,NULL,Mike,Spence,1936-12-30,British,http://en.wikipedia.org/wiki/Mike_Spence,historical
375,scarfiotti,NULL,NULL,Ludovico,Scarfiotti,1933-10-18,Italian,http://en.wikipedia.org/wiki/Ludovico_Scarfiotti,historical
376,bianchi,NULL,BIA,Lucien,Bianchi,1934-11-10,Belgian,http://en.wikipedia.org/wiki/Lucien_Bianchi,historical
377,jo_schlesser,NULL,NULL,Jo,Schlesser,1928-05-18,French,http://en.wikipedia.org/wiki/Jo_Schlesser,historical
378,widdows,NULL,NULL,Robin,Widdows,1942-05-27,British,http://en.wikipedia.org/wiki/Robin_Widdows,historical
379,ahrens,NULL,NULL,Kurt,Ahrens,1940-04-19,German,"http://en.wikipedia.org/wiki/Kurt_Ahrens,_Jr.",historical
380,gardner,NULL,NULL,Frank,Gardner,1930-10-01,Australian,http://en.wikipedia.org/wiki/Frank_Gardner_(driver),historical
381,unser,NULL,NULL,Bobby,Unser,1934-02-20,American,http://en.wikipedia.org/wiki/Bobby_Unser,historical
382,solana,NULL,NULL,Moisés,Solana,1935-12-26,Mexican,http://en.wikipedia.org/wiki/Mois%C3%A9s_Solana,historical
383,anderson,NULL,NULL,Bob,Anderson,1931-05-19,British,http://en.wikipedia.org/wiki/Bob_Anderson_(racing_driver),historical
384,botha,NULL,NULL,Luki,Botha,1930-01-16,South African,http://en.wikipedia.org/wiki/Luki_Botha,historical
385,bandini,NULL,NULL,Lorenzo,Bandini,1935-12-21,Italian,http://en.wikipedia.org/wiki/Lorenzo_Bandini,historical
386,ginther,NULL,NULL,Richie,Ginther,1930-08-05,American,http://en.wikipedia.org/wiki/Richie_Ginther,historical
387,parkes,NULL,NULL,Mike,Parkes,1931-09-24,British,http://en.wikipedia.org/wiki/Mike_Parkes,historical
388,irwin,NULL,NULL,Chris,Irwin,1942-06-27,British,http://en.wikipedia.org/wiki/Chris_Irwin,historical
389,ligier,NULL,NULL,Guy,Ligier,1930-07-12,French,http://en.wikipedia.org/wiki/Guy_Ligier,historical
390,rees,NULL,NULL,Alan,Rees,1938-01-12,British,http://en.wikipedia.org/wiki/Alan_Rees_(racing_driver),historical
391,hart,NULL,NULL,Brian,Hart,1936-09-07,British,http://en.wikipedia.org/wiki/Brian_Hart,historical
392,fisher,NULL,NULL,Mike,Fisher,1943-03-13,American,http://en.wikipedia.org/wiki/Mike_Fisher_(driver),historical
393,tom_jones,NULL,NULL,Tom,Jones,1943-04-26,American,http://en.wikipedia.org/wiki/Tom_Jones_(auto_racer),historical
394,baghetti,NULL,NULL,Giancarlo,Baghetti,1934-12-25,Italian,http://en.wikipedia.org/wiki/Giancarlo_Baghetti,historical
395,williams,NULL,NULL,Jonathan,Williams,1942-10-26,British,http://en.wikipedia.org/wiki/Jonathan_Williams_(racing_driver),historical
396,bondurant,NULL,NULL,Bob,Bondurant,1933-04-27,American,http://en.wikipedia.org/wiki/Bob_Bondurant,historical
397,arundell,NULL,NULL,Peter,Arundell,1933-11-08,British,http://en.wikipedia.org/wiki/Peter_Arundell,historical
398,vic_wilson,NULL,NULL,Vic,Wilson,1931-04-14,British,http://en.wikipedia.org/wiki/Vic_Wilson_(motor_racing_driver),historical
399,taylor,NULL,NULL,John,Taylor,1933-03-23,British,http://en.wikipedia.org/wiki/John_Taylor_(racer),historical
400,lawrence,NULL,NULL,Chris,Lawrence,1933-07-27,British,http://en.wikipedia.org/wiki/Chris_Lawrence_(racing_driver),historical
401,trevor_taylor,NULL,NULL,Trevor,Taylor,1936-12-26,British,http://en.wikipedia.org/wiki/Trevor_Taylor,historical
402,geki,NULL,NULL,Giacomo,Russo,1937-10-23,Italian,http://en.wikipedia.org/wiki/Geki_(driver),historical
403,phil_hill,NULL,NULL,Phil,Hill,1927-04-20,American,http://en.wikipedia.org/wiki/Phil_Hill,historical
404,ireland,NULL,NULL,Innes,Ireland,1930-06-12,British,http://en.wikipedia.org/wiki/Innes_Ireland,historical
405,bucknum,NULL,NULL,Ronnie,Bucknum,1936-04-05,American,http://en.wikipedia.org/wiki/Ronnie_Bucknum,historical
406,hawkins,NULL,NULL,Paul,Hawkins,1937-10-12,Australian,http://en.wikipedia.org/wiki/Paul_Hawkins_(racing_driver),historical
407,prophet,NULL,NULL,David,Prophet,1937-10-09,British,http://en.wikipedia.org/wiki/David_Prophet,historical
408,maggs,NULL,NULL,Tony,Maggs,1937-02-09,South African,http://en.wikipedia.org/wiki/Tony_Maggs,historical
409,blokdyk,NULL,NULL,Trevor,Blokdyk,1935-11-30,South African,http://en.wikipedia.org/wiki/Trevor_Blokdyk,historical
410,lederle,NULL,NULL,Neville,Lederle,1938-09-25,South African,http://en.wikipedia.org/wiki/Neville_Lederle,historical
411,serrurier,NULL,NULL,Doug,Serrurier,1920-12-09,South African,http://en.wikipedia.org/wiki/Doug_Serrurier,historical
412,niemann,NULL,NULL,Brausch,Niemann,1939-01-07,South African,http://en.wikipedia.org/wiki/Brausch_Niemann,historical
413,pieterse,NULL,NULL,Ernie,Pieterse,1938-07-04,South African,http://en.wikipedia.org/wiki/Ernie_Pieterse,historical
414,puzey,NULL,NULL,Clive,Puzey,1941-07-11,Rhodesian,http://en.wikipedia.org/wiki/Clive_Puzey,historical
415,reed,NULL,NULL,Ray,Reed,1932-04-30,South African,http://en.wikipedia.org/wiki/Ray_Reed,historical
416,clapham,NULL,NULL,David,Clapham,1931-05-18,South African,http://en.wikipedia.org/wiki/David_Clapham,historical
417,blignaut,NULL,NULL,Alex,Blignaut,1932-11-30,South African,http://en.wikipedia.org/wiki/Alex_Blignaut,historical
418,gregory,NULL,NULL,Masten,Gregory,1932-02-29,American,http://en.wikipedia.org/wiki/Masten_Gregory,historical
419,rhodes,NULL,NULL,John,Rhodes,1927-08-18,British,http://en.wikipedia.org/wiki/John_Rhodes_(driver),historical
420,raby,NULL,NULL,Ian,Raby,1921-09-22,British,http://en.wikipedia.org/wiki/Ian_Raby,historical
421,rollinson,NULL,NULL,Alan,Rollinson,1943-05-15,British,http://en.wikipedia.org/wiki/Alan_Rollinson,historical
422,gubby,NULL,NULL,Brian,Gubby,1934-04-17,British,http://en.wikipedia.org/wiki/Brian_Gubby,historical
423,mitter,NULL,NULL,Gerhard,Mitter,1935-08-30,German,http://en.wikipedia.org/wiki/Gerhard_Mitter,historical
424,bussinello,NULL,NULL,Roberto,Bussinello,1927-10-04,Italian,http://en.wikipedia.org/wiki/Roberto_Bussinello,historical
425,vaccarella,NULL,NULL,Nino,Vaccarella,1933-03-04,Italian,http://en.wikipedia.org/wiki/Nino_Vaccarella,historical
426,bassi,NULL,NULL,Giorgio,Bassi,1934-01-20,Italian,http://en.wikipedia.org/wiki/Giorgio_Bassi,historical
427,trintignant,NULL,NULL,Maurice,Trintignant,1917-10-30,French,http://en.wikipedia.org/wiki/Maurice_Trintignant,historical
428,collomb,NULL,NULL,Bernard,Collomb,1930-10-07,French,http://en.wikipedia.org/wiki/Bernard_Collomb,historical
429,andre_pilette,NULL,NULL,André,Pilette,1918-10-06,Belgian,http://en.wikipedia.org/wiki/Andr%C3%A9_Pilette,historical
430,beaufort,NULL,NULL,Carel Godin,de Beaufort,1934-04-10,Dutch,http://en.wikipedia.org/wiki/Carel_Godin_de_Beaufort,historical
431,barth,NULL,NULL,Edgar,Barth,1917-01-26,German,http://en.wikipedia.org/wiki/Edgar_Barth,historical
432,cabral,NULL,NULL,Mário de Araújo,Cabral,1934-01-15,Portuguese,http://en.wikipedia.org/wiki/Mario_de_Araujo_Cabral,historical
433,hansgen,NULL,NULL,Walt,Hansgen,1919-10-28,American,http://en.wikipedia.org/wiki/Walt_Hansgen,historical
434,sharp,NULL,NULL,Hap,Sharp,1928-01-01,American,http://en.wikipedia.org/wiki/Hap_Sharp,historical
435,mairesse,NULL,NULL,Willy,Mairesse,1928-10-01,Belgian,http://en.wikipedia.org/wiki/Willy_Mairesse,historical
436,campbell-jones,NULL,NULL,John,Campbell-Jones,1930-01-21,British,http://en.wikipedia.org/wiki/John_Campbell-Jones,historical
437,burgess,NULL,NULL,Ian,Burgess,1930-07-06,British,http://en.wikipedia.org/wiki/Ian_Burgess,historical
438,settember,NULL,NULL,Tony,Settember,1926-07-10,American,http://en.wikipedia.org/wiki/Tony_Settember,historical
439,estefano,NULL,NULL,Nasif,Estéfano,1932-11-18,Argentine,http://en.wikipedia.org/wiki/Nasif_Est%C3%A9fano,historical
440,hall,NULL,NULL,Jim,Hall,1935-07-23,American,http://en.wikipedia.org/wiki/Jim_Hall_(race_car_driver),historical
441,parnell,NULL,NULL,Tim,Parnell,1932-06-25,British,http://en.wikipedia.org/wiki/Tim_Parnell,historical
442,kuhnke,NULL,NULL,Kurt,Kuhnke,1910-04-30,German,http://en.wikipedia.org/wiki/Kurt_Kuhnke,historical
443,ernesto_brambilla,NULL,NULL,Ernesto,Brambilla,1934-01-31,Italian,http://en.wikipedia.org/wiki/Ernesto_Brambilla,historical
444,lippi,NULL,NULL,Roberto,Lippi,1926-10-17,Italian,http://en.wikipedia.org/wiki/Roberto_Lippi,historical
445,seiffert,NULL,NULL,Günther,Seiffert,1937-10-18,German,http://en.wikipedia.org/wiki/G%C3%BCnther_Seiffert,historical
446,abate,NULL,NULL,Carlo,Abate,1932-07-10,Italian,http://en.wikipedia.org/wiki/Carlo_Mario_Abate,historical
447,starrabba,NULL,NULL,Gaetano,Starrabba,1932-12-03,Italian,http://en.wikipedia.org/wiki/Gaetano_Starrabba,historical
448,broeker,NULL,NULL,Peter,Broeker,1926-05-15,Canadian,http://en.wikipedia.org/wiki/Peter_Broeker,historical
449,ward,NULL,NULL,Rodger,Ward,1921-01-10,American,http://en.wikipedia.org/wiki/Rodger_Ward,historical
450,vos,NULL,NULL,Ernie,de Vos,1941-07-01,Dutch,http://en.wikipedia.org/wiki/Ernie_de_Vos,historical
451,dochnal,NULL,NULL,Frank,Dochnal,1920-10-08,American,http://en.wikipedia.org/wiki/Frank_Dochnal,historical
452,monarch,NULL,NULL,Thomas,Monarch,1945-09-03,American,http://en.wikipedia.org/wiki/Talk:1963_Mexican_Grand_Prix#Who_was_Thomas_Monarch.3F,historical
453,lewis,NULL,NULL,Jackie,Lewis,1936-11-01,British,http://en.wikipedia.org/wiki/Jackie_Lewis,historical
454,ricardo_rodriguez,NULL,NULL,Ricardo,Rodríguez,1942-02-14,Mexican,http://en.wikipedia.org/wiki/Ricardo_Rodr%C3%ADguez_(Formula_One),historical
455,seidel,NULL,NULL,Wolfgang,Seidel,1926-07-04,German,http://en.wikipedia.org/wiki/Wolfgang_Seidel,historical
456,salvadori,NULL,NULL,Roy,Salvadori,1922-05-12,British,http://en.wikipedia.org/wiki/Roy_Salvadori,historical
457,pon,NULL,NULL,Ben,Pon,1936-12-09,Dutch,http://en.wikipedia.org/wiki/Ben_Pon,historical
458,slotemaker,NULL,NULL,Rob,Slotemaker,1929-06-13,Dutch,http://en.wikipedia.org/wiki/Rob_Slotemaker,historical
459,marsh,NULL,NULL,Tony,Marsh,1931-07-20,British,http://en.wikipedia.org/wiki/Tony_Marsh_(racing_driver),historical
460,ashmore,NULL,NULL,Gerry,Ashmore,1936-07-25,British,http://en.wikipedia.org/wiki/Gerry_Ashmore,historical
461,schiller,NULL,NULL,Heinz,Schiller,1930-01-25,Swiss,http://en.wikipedia.org/wiki/Heinz_Schiller,historical
462,davis,NULL,NULL,Colin,Davis,1933-07-29,British,http://en.wikipedia.org/wiki/Colin_Davis_(driver),historical
463,chamberlain,NULL,NULL,Jay,Chamberlain,1925-12-29,American,http://en.wikipedia.org/wiki/Jay_Chamberlain,historical
464,shelly,NULL,NULL,Tony,Shelly,1937-02-02,New Zealander,http://en.wikipedia.org/wiki/Tony_Shelly,historical
465,greene,NULL,NULL,Keith,Greene,1938-01-05,British,http://en.wikipedia.org/wiki/Keith_Greene,historical
466,walter,NULL,NULL,Heini,Walter,1927-07-28,Swiss,http://en.wikipedia.org/wiki/Heini_Walter,historical
467,prinoth,NULL,NULL,Ernesto,Prinoth,1923-04-15,Italian,http://en.wikipedia.org/wiki/Ernesto_Prinoth,historical
468,penske,NULL,NULL,Roger,Penske,1937-02-20,American,http://en.wikipedia.org/wiki/Roger_Penske,historical
469,schroeder,NULL,NULL,Rob,Schroeder,1926-05-11,British,http://en.wikipedia.org/wiki/Rob_Schroeder,historical
470,mayer,NULL,NULL,Timmy,Mayer,1938-02-22,American,http://en.wikipedia.org/wiki/Timmy_Mayer,historical
471,johnstone,NULL,NULL,Bruce,Johnstone,1937-01-30,South African,http://en.wikipedia.org/wiki/Bruce_Johnstone_(racing_driver),historical
472,harris,NULL,NULL,Mike,Harris,1939-05-25,South African,http://en.wikipedia.org/wiki/Mike_Harris_(race_car_driver),historical
473,hocking,NULL,NULL,Gary,Hocking,1937-09-30,Rhodesian,http://en.wikipedia.org/wiki/Gary_Hocking,historical
474,vyver,NULL,NULL,Syd,van der Vyver,1920-06-01,South African,http://en.wikipedia.org/wiki/Syd_van_der_Vyver,historical
475,moss,NULL,NULL,Stirling,Moss,1929-09-17,British,http://en.wikipedia.org/wiki/Stirling_Moss,historical
476,trips,NULL,NULL,Wolfgang,von Trips,1928-05-04,German,http://en.wikipedia.org/wiki/Wolfgang_Graf_Berghe_von_Trips,historical
477,allison,NULL,NULL,Cliff,Allison,1932-02-08,British,http://en.wikipedia.org/wiki/Cliff_Allison,historical
478,herrmann,NULL,NULL,Hans,Herrmann,1928-02-23,German,http://en.wikipedia.org/wiki/Hans_Herrmann,historical
479,brooks,NULL,NULL,Tony,Brooks,1932-02-25,British,http://en.wikipedia.org/wiki/Tony_Brooks,historical
480,may,NULL,NULL,Michael,May,1934-08-18,Swiss,http://en.wikipedia.org/wiki/Michael_May_(racing_driver),historical
481,henry_taylor,NULL,NULL,Henry,Taylor,1932-12-16,British,http://en.wikipedia.org/wiki/Henry_Taylor_(racing_driver),historical
482,gendebien,NULL,NULL,Olivier,Gendebien,1924-01-12,Belgian,http://en.wikipedia.org/wiki/Olivier_Gendebien,historical
483,scarlatti,NULL,NULL,Giorgio,Scarlatti,1921-10-02,Italian,http://en.wikipedia.org/wiki/Giorgio_Scarlatti,historical
484,naylor,NULL,NULL,Brian,Naylor,1923-03-24,British,http://en.wikipedia.org/wiki/Brian_Naylor,historical
485,bordeu,NULL,NULL,Juan Manuel,Bordeu,1934-01-28,Argentine,http://en.wikipedia.org/wiki/Juan_Manuel_Bordeu,historical
486,fairman,NULL,NULL,Jack,Fairman,1913-03-15,British,http://en.wikipedia.org/wiki/Jack_Fairman,historical
487,natili,NULL,NULL,Massimo,Natili,1935-07-28,Italian,http://en.wikipedia.org/wiki/Massimo_Natili,historical
488,monteverdi,NULL,NULL,Peter,Monteverdi,1934-06-07,Swiss,http://en.wikipedia.org/wiki/Peter_Monteverdi,historical
489,pirocchi,NULL,NULL,Renato,Pirocchi,1933-03-26,Italian,http://en.wikipedia.org/wiki/Renato_Pirocchi,historical
490,duke,NULL,NULL,Geoff,Duke,1923-03-29,British,http://en.wikipedia.org/wiki/Geoff_Duke,historical
491,thiele,NULL,NULL,Alfonso,Thiele,1920-04-05,American-Italian,http://en.wikipedia.org/wiki/Alfonso_Thiele,historical
492,boffa,NULL,NULL,Menato,Boffa,1930-01-04,Italian,http://en.wikipedia.org/wiki/Menato_Boffa,historical
493,ryan,NULL,NULL,Peter,Ryan,1940-06-10,Canadian,http://en.wikipedia.org/wiki/Peter_Ryan_(driver),historical
494,ruby,NULL,NULL,Lloyd,Ruby,1928-01-12,American,http://en.wikipedia.org/wiki/Lloyd_Ruby,historical
495,ken_miles,NULL,NULL,Ken,Miles,1918-11-01,British,http://en.wikipedia.org/wiki/Ken_Miles,historical
496,menditeguy,NULL,NULL,Carlos,Menditeguy,1914-08-10,Argentine,http://en.wikipedia.org/wiki/Carlos_Menditeguy,historical
497,larreta,NULL,NULL,Alberto Rodriguez,Larreta,1934-01-14,Argentine,http://en.wikipedia.org/wiki/Alberto_Rodriguez_Larreta,historical
498,gonzalez,NULL,NULL,José Froilán,González,1922-10-05,Argentine,http://en.wikipedia.org/wiki/Jos%C3%A9_Froil%C3%A1n_Gonz%C3%A1lez,historical
499,bonomi,NULL,NULL,Roberto,Bonomi,1919-09-30,Argentine,http://en.wikipedia.org/wiki/Roberto_Bonomi,historical
500,munaron,NULL,NULL,Gino,Munaron,1928-04-02,Italian,http://en.wikipedia.org/wiki/Gino_Munaron,historical
501,schell,NULL,NULL,Harry,Schell,1921-06-29,American,http://en.wikipedia.org/wiki/Harry_Schell,historical
502,stacey,NULL,NULL,Alan,Stacey,1933-08-29,British,http://en.wikipedia.org/wiki/Alan_Stacey,historical
503,chimeri,NULL,NULL,Ettore,Chimeri,1921-06-04,Venezuelan,http://en.wikipedia.org/wiki/Ettore_Chimeri,historical
504,creus,NULL,NULL,Antonio,Creus,1924-10-28,Spanish,http://en.wikipedia.org/wiki/Antonio_Creus,historical
505,bristow,NULL,NULL,Chris,Bristow,1937-12-02,British,http://en.wikipedia.org/wiki/Chris_Bristow,historical
506,halford,NULL,NULL,Bruce,Halford,1931-05-18,British,http://en.wikipedia.org/wiki/Bruce_Halford,historical
507,daigh,NULL,NULL,Chuck,Daigh,1923-11-29,American,http://en.wikipedia.org/wiki/Chuck_Daigh,historical
508,reventlow,NULL,NULL,Lance,Reventlow,1936-02-24,American,http://en.wikipedia.org/wiki/Lance_Reventlow,historical
509,rathmann,NULL,NULL,Jim,Rathmann,1928-07-16,American,http://en.wikipedia.org/wiki/Jim_Rathmann,historical
510,goldsmith,NULL,NULL,Paul,Goldsmith,1925-10-02,American,http://en.wikipedia.org/wiki/Paul_Goldsmith,historical
511,branson,NULL,NULL,Don,Branson,1920-06-02,American,http://en.wikipedia.org/wiki/Don_Branson,historical
512,thomson,NULL,NULL,Johnny,Thomson,1922-04-09,American,http://en.wikipedia.org/wiki/Johnny_Thomson,historical
513,johnson,NULL,NULL,Eddie,Johnson,1919-02-10,American,http://en.wikipedia.org/wiki/Eddie_Johnson_(auto_racer),historical
514,veith,NULL,NULL,Bob,Veith,1926-11-01,American,http://en.wikipedia.org/wiki/Bob_Veith,historical
515,tingelstad,NULL,NULL,Bud,Tingelstad,1928-04-04,American,http://en.wikipedia.org/wiki/Bud_Tingelstad,historical
516,christie,NULL,NULL,Bob,Christie,1924-04-04,American,http://en.wikipedia.org/wiki/Bob_Christie_(racing_driver),historical
517,amick,NULL,NULL,Red,Amick,1929-01-19,American,http://en.wikipedia.org/wiki/Red_Amick,historical
518,darter,NULL,NULL,Duane,Carter,1913-05-05,American,http://en.wikipedia.org/wiki/Duane_Carter,historical
519,homeier,NULL,NULL,Bill,Homeier,1918-08-31,American,http://en.wikipedia.org/wiki/Bill_Homeier,historical
520,hartley,NULL,NULL,Gene,Hartley,1926-01-28,American,http://en.wikipedia.org/wiki/Gene_Hartley,historical
521,stevenson,NULL,NULL,Chuck,Stevenson,1919-10-15,American,http://en.wikipedia.org/wiki/Chuck_Stevenson,historical
522,grim,NULL,NULL,Bobby,Grim,1924-09-04,American,http://en.wikipedia.org/wiki/Bobby_Grim,historical
523,templeman,NULL,NULL,Shorty,Templeman,1919-08-12,American,http://en.wikipedia.org/wiki/Shorty_Templeman,historical
524,hurtubise,NULL,NULL,Jim,Hurtubise,1932-12-05,American,http://en.wikipedia.org/wiki/Jim_Hurtubise,historical
525,bryan,NULL,NULL,Jimmy,Bryan,1926-01-28,American,http://en.wikipedia.org/wiki/Jimmy_Bryan,historical
526,ruttman,NULL,NULL,Troy,Ruttman,1930-03-11,American,http://en.wikipedia.org/wiki/Troy_Ruttman,historical
527,sachs,NULL,NULL,Eddie,Sachs,1927-05-28,American,http://en.wikipedia.org/wiki/Eddie_Sachs,historical
528,freeland,NULL,NULL,Don,Freeland,1925-03-25,American,http://en.wikipedia.org/wiki/Don_Freeland,historical
529,bettenhausen,NULL,NULL,Tony,Bettenhausen,1916-09-12,American,http://en.wikipedia.org/wiki/Tony_Bettenhausen,historical
530,weiler,NULL,NULL,Wayne,Weiler,1934-12-09,American,http://en.wikipedia.org/wiki/Wayne_Weiler,historical
531,foyt,NULL,NULL,Anthony,Foyt,1935-01-16,American,http://en.wikipedia.org/wiki/A.J._Foyt,historical
532,russo,NULL,NULL,Eddie,Russo,1925-11-19,American,http://en.wikipedia.org/wiki/Eddie_Russo,historical
533,boyd,NULL,NULL,Johnny,Boyd,1926-08-19,American,http://en.wikipedia.org/wiki/Johnny_Boyd,historical
534,force,NULL,NULL,Gene,Force,1916-06-15,American,http://en.wikipedia.org/wiki/Gene_Force,historical
535,mcwithey,NULL,NULL,Jim,McWithey,1927-07-04,American,http://en.wikipedia.org/wiki/Jim_McWithey,historical
536,sutton,NULL,NULL,Len,Sutton,1925-08-09,American,http://en.wikipedia.org/wiki/Len_Sutton,historical
537,dick_rathmann,NULL,NULL,Dick,Rathmann,1924-01-06,American,http://en.wikipedia.org/wiki/Dick_Rathmann,historical
538,herman,NULL,NULL,Al,Herman,1927-03-15,American,http://en.wikipedia.org/wiki/Al_Herman,historical
539,dempsey_wilson,NULL,NULL,Dempsey,Wilson,1927-03-11,American,http://en.wikipedia.org/wiki/Dempsey_Wilson,historical
540,mike_taylor,NULL,NULL,Mike,Taylor,1934-04-24,British,http://en.wikipedia.org/wiki/Mike_Taylor_(driver),historical
541,flockhart,NULL,NULL,Ron,Flockhart,1923-06-16,British,http://en.wikipedia.org/wiki/Ron_Flockhart_(auto_racing),historical
542,piper,NULL,NULL,David,Piper,1930-12-02,British,http://en.wikipedia.org/wiki/David_Piper,historical
543,cabianca,NULL,NULL,Giulio,Cabianca,1923-02-19,Italian,http://en.wikipedia.org/wiki/Giulio_Cabianca,historical
544,drogo,NULL,NULL,Piero,Drogo,1926-08-08,Italian,http://en.wikipedia.org/wiki/Piero_Drogo,historical
545,gamble,NULL,NULL,Fred,Gamble,1932-03-17,American,http://en.wikipedia.org/wiki/Fred_Gamble_(racing_driver),historical
546,owen,NULL,NULL,Arthur,Owen,1915-03-23,British,http://en.wikipedia.org/wiki/Arthur_Owen,historical
547,gould,NULL,NULL,Horace,Gould,1918-09-20,British,http://en.wikipedia.org/wiki/Horace_Gould,historical
548,drake,NULL,NULL,Bob,Drake,1919-12-14,American,http://en.wikipedia.org/wiki/Bob_Drake_(Formula_One),historical
549,bueb,NULL,NULL,Ivor,Bueb,1923-06-06,British,http://en.wikipedia.org/wiki/Ivor_Bueb,historical
550,Changy,NULL,NULL,Alain,de Changy,1922-02-05,Belgian,http://en.wikipedia.org/wiki/Alain_de_Changy,historical
551,filippis,NULL,NULL,Maria,de Filippis,1926-11-11,Italian,http://en.wikipedia.org/wiki/Maria_Teresa_de_Filippis,historical
552,lucienbonnet,NULL,NULL,Jean,Lucienbonnet,1923-01-07,French,http://en.wikipedia.org/wiki/Jean_Lucienbonnet,historical
553,testut,NULL,NULL,André,Testut,1926-04-13,Monegasque,http://en.wikipedia.org/wiki/Andr%C3%A9_Testut,historical
554,behra,NULL,NULL,Jean,Behra,1921-02-16,French,http://en.wikipedia.org/wiki/Jean_Behra,historical
555,paul_russo,NULL,NULL,Paul,Russo,1914-04-10,American,http://en.wikipedia.org/wiki/Paul_Russo,historical
556,daywalt,NULL,NULL,Jimmy,Daywalt,1924-08-28,American,http://en.wikipedia.org/wiki/Jimmy_Daywalt,historical
557,arnold,NULL,NULL,Chuck,Arnold,1926-05-30,American,http://en.wikipedia.org/wiki/Chuck_Arnold,historical
558,keller,NULL,NULL,Al,Keller,1920-04-11,American,http://en.wikipedia.org/wiki/Al_Keller,historical
559,flaherty,NULL,NULL,Pat,Flaherty,1926-01-06,American,http://en.wikipedia.org/wiki/Pat_Flaherty_(racing_driver),historical
560,cheesbourg,NULL,NULL,Bill,Cheesbourg,1927-06-12,American,http://en.wikipedia.org/wiki/Bill_Cheesbourg,historical
561,ray_crawford,NULL,NULL,Ray,Crawford,1915-10-26,American,http://en.wikipedia.org/wiki/Ray_Crawford,historical
562,turner,NULL,NULL,Jack,Turner,1920-02-12,American,http://en.wikipedia.org/wiki/Jack_Turner_(driver),historical
563,weyant,NULL,NULL,Chuck,Weyant,1923-04-03,American,http://en.wikipedia.org/wiki/Chuck_Weyant,historical
564,larson,NULL,NULL,Jud,Larson,1923-01-21,American,http://en.wikipedia.org/wiki/Jud_Larson,historical
565,magill,NULL,NULL,Mike,Magill,1920-02-08,American,http://en.wikipedia.org/wiki/Mike_Magill,historical
566,shelby,NULL,NULL,Carroll,Shelby,1923-01-11,American,http://en.wikipedia.org/wiki/Carroll_Shelby,historical
567,orey,NULL,NULL,Fritz,d'Orey,1938-03-25,Brazilian,http://en.wikipedia.org/wiki/Fritz_d%27Orey,historical
568,fontes,NULL,NULL,Azdrubal,Fontes,1922-12-26,Uruguayan,http://en.wikipedia.org/wiki/Azdrubal_Fontes,historical
569,ashdown,NULL,NULL,Peter,Ashdown,1934-10-16,British,http://en.wikipedia.org/wiki/Peter_Ashdown,historical
570,bill_moss,NULL,NULL,Bill,Moss,1933-09-04,British,http://en.wikipedia.org/wiki/Bill_Moss_(racing_driver),historical
571,dennis_taylor,NULL,NULL,Dennis,Taylor,1921-06-12,British,http://en.wikipedia.org/wiki/Dennis_Taylor_(racing_driver),historical
572,blanchard,NULL,NULL,Harry,Blanchard,1929-06-13,American,http://en.wikipedia.org/wiki/Harry_Blanchard,historical
573,tomaso,NULL,NULL,Alessandro,de Tomaso,1928-07-10,Argentine-Italian,http://en.wikipedia.org/wiki/Alessandro_de_Tomaso,historical
574,constantine,NULL,NULL,George,Constantine,1918-02-22,American,http://en.wikipedia.org/wiki/George_Constantine,historical
575,said,NULL,NULL,Bob,Said,1932-05-05,American,http://en.wikipedia.org/wiki/Bob_Said,historical
576,cade,NULL,NULL,Phil,Cade,1916-06-12,American,http://en.wikipedia.org/wiki/Phil_Cade,historical
577,musso,NULL,NULL,Luigi,Musso,1924-07-28,Italian,http://en.wikipedia.org/wiki/Luigi_Musso,historical
578,hawthorn,NULL,NULL,Mike,Hawthorn,1929-04-10,British,http://en.wikipedia.org/wiki/Mike_Hawthorn,historical
579,fangio,NULL,NULL,Juan,Fangio,1911-06-24,Argentine,http://en.wikipedia.org/wiki/Juan_Manuel_Fangio,historical
580,godia,NULL,NULL,Paco,Godia,1921-03-21,Spanish,http://en.wikipedia.org/wiki/Paco_Godia,historical
581,collins,NULL,NULL,Peter,Collins,1931-11-06,British,http://en.wikipedia.org/wiki/Peter_Collins_(racing_driver),historical
582,kavanagh,NULL,NULL,Ken,Kavanagh,1923-12-12,Australian,http://en.wikipedia.org/wiki/Ken_Kavanagh,historical
583,gerini,NULL,NULL,Gerino,Gerini,1928-08-10,Italian,http://en.wikipedia.org/wiki/Gerino_Gerini_(racing_driver),historical
584,kessler,NULL,NULL,Bruce,Kessler,1936-03-23,American,http://en.wikipedia.org/wiki/Bruce_Kessler,historical
585,emery,NULL,NULL,Paul,Emery,1916-11-12,British,http://en.wikipedia.org/wiki/Paul_Emery,historical
586,piotti,NULL,NULL,Luigi,Piotti,1913-10-27,Italian,http://en.wikipedia.org/wiki/Luigi_Piotti,historical
587,ecclestone,NULL,NULL,Bernie,Ecclestone,1930-10-28,British,http://en.wikipedia.org/wiki/Bernie_Ecclestone,historical
588,taramazzo,NULL,NULL,Luigi,Taramazzo,1932-05-05,Italian,http://en.wikipedia.org/wiki/Luigi_Taramazzo,historical
589,chiron,NULL,NULL,Louis,Chiron,1899-08-03,Monegasque,http://en.wikipedia.org/wiki/Louis_Chiron,historical
590,lewis-evans,NULL,NULL,Stuart,Lewis-Evans,1930-04-20,British,http://en.wikipedia.org/wiki/Stuart_Lewis-Evans,historical
591,george_amick,NULL,NULL,George,Amick,1924-10-24,American,http://en.wikipedia.org/wiki/George_Amick,historical
592,reece,NULL,NULL,Jimmy,Reece,1929-11-17,American,http://en.wikipedia.org/wiki/Jimmy_Reece,historical
593,parsons,NULL,NULL,Johnnie,Parsons,1918-07-04,American,http://en.wikipedia.org/wiki/Johnnie_Parsons,historical
594,tolan,NULL,NULL,Johnnie,Tolan,1917-10-22,American,http://en.wikipedia.org/wiki/Johnnie_Tolan,historical
595,garrett,NULL,NULL,Billy,Garrett,1933-04-24,American,http://en.wikipedia.org/wiki/Billy_Garrett,historical
596,elisian,NULL,NULL,Ed,Elisian,1926-12-09,American,http://en.wikipedia.org/wiki/Ed_Elisian,historical
597,connor,NULL,NULL,Pat,O'Connor,1928-10-09,American,http://en.wikipedia.org/wiki/Pat_O%27Connor_(auto_racer),historical
598,jerry_unser,NULL,NULL,Jerry,Unser,1932-11-15,American,http://en.wikipedia.org/wiki/Jerry_Unser,historical
599,bisch,NULL,NULL,Art,Bisch,1926-11-10,American,http://en.wikipedia.org/wiki/Art_Bisch,historical
600,goethals,NULL,NULL,Christian,Goethals,1928-08-04,Belgian,http://en.wikipedia.org/wiki/Christian_Goethals,historical
601,gibson,NULL,NULL,Dick,Gibson,1918-04-16,British,http://en.wikipedia.org/wiki/Dick_Gibson,historical
602,la_caze,NULL,NULL,Robert,La Caze,1917-02-26,French,http://en.wikipedia.org/wiki/Robert_La_Caze,historical
603,guelfi,NULL,NULL,André,Guelfi,1919-05-06,French,http://en.wikipedia.org/wiki/Andr%C3%A9_Guelfi,historical
604,picard,NULL,NULL,François,Picard,1921-04-26,French,http://en.wikipedia.org/wiki/Fran%C3%A7ois_Picard,historical
605,bridger,NULL,NULL,Tom,Bridger,1934-06-24,British,http://en.wikipedia.org/wiki/Tom_Bridger,historical
606,portago,NULL,NULL,Alfonso,de Portago,1928-10-11,Spanish,http://en.wikipedia.org/wiki/Alfonso_de_Portago,historical
607,perdisa,NULL,NULL,Cesare,Perdisa,1932-10-21,Italian,http://en.wikipedia.org/wiki/Cesare_Perdisa,historical
608,castellotti,NULL,NULL,Eugenio,Castellotti,1930-10-10,Italian,http://en.wikipedia.org/wiki/Eugenio_Castellotti,historical
609,simon,NULL,NULL,André,Simon,1920-01-05,French,http://en.wikipedia.org/wiki/Andr%C3%A9_Simon_(racing_driver),historical
610,leston,NULL,NULL,Les,Leston,1920-12-16,British,http://en.wikipedia.org/wiki/Les_Leston,historical
611,hanks,NULL,NULL,Sam,Hanks,1914-07-13,American,http://en.wikipedia.org/wiki/Sam_Hanks,historical
612,linden,NULL,NULL,Andy,Linden,1922-04-05,American,http://en.wikipedia.org/wiki/Andy_Linden_(racing_driver),historical
613,teague,NULL,NULL,Marshall,Teague,1921-02-22,American,http://en.wikipedia.org/wiki/Marshall_Teague_(racing_driver),historical
614,edmunds,NULL,NULL,Don,Edmunds,1930-09-23,American,http://en.wikipedia.org/wiki/Don_Edmunds,historical
615,agabashian,NULL,NULL,Fred,Agabashian,1913-08-21,American,http://en.wikipedia.org/wiki/Fred_Agabashian,historical
616,george,NULL,NULL,Elmer,George,1928-07-15,American,http://en.wikipedia.org/wiki/Elmer_George,historical
617,macdowel,NULL,NULL,Mike,MacDowel,1932-09-13,British,http://en.wikipedia.org/wiki/Mike_MacDowel,historical
618,mackay-fraser,NULL,NULL,Herbert,MacKay-Fraser,1927-06-23,American,http://en.wikipedia.org/wiki/Herbert_MacKay-Fraser,historical
619,gerard,NULL,NULL,Bob,Gerard,1914-01-19,British,http://en.wikipedia.org/wiki/Bob_Gerard,historical
620,maglioli,NULL,NULL,Umberto,Maglioli,1928-06-05,Italian,http://en.wikipedia.org/wiki/Umberto_Maglioli,historical
621,england,NULL,NULL,Paul,England,1929-03-28,Australian,http://en.wikipedia.org/wiki/Paul_England,historical
622,landi,NULL,NULL,Chico,Landi,1907-07-14,Brazilian,http://en.wikipedia.org/wiki/Chico_Landi,historical
623,uria,NULL,NULL,Alberto,Uria,1924-07-11,Uruguayan,http://en.wikipedia.org/wiki/Alberto_Uria,historical
624,ramos,NULL,NULL,Hernando,da Silva Ramos,1925-12-07,Brazilian,http://en.wikipedia.org/wiki/Hernando_da_Silva_Ramos,historical
625,bayol,NULL,NULL,Élie,Bayol,1914-02-28,French,http://en.wikipedia.org/wiki/%C3%89lie_Bayol,historical
626,manzon,NULL,NULL,Robert,Manzon,1917-04-12,French,http://en.wikipedia.org/wiki/Robert_Manzon,historical
627,rosier,NULL,NULL,Louis,Rosier,1905-11-05,French,http://en.wikipedia.org/wiki/Louis_Rosier,historical
628,sweikert,NULL,NULL,Bob,Sweikert,1926-05-20,American,http://en.wikipedia.org/wiki/Bob_Sweikert,historical
629,griffith,NULL,NULL,Cliff,Griffith,1916-02-06,American,http://en.wikipedia.org/wiki/Cliff_Griffith,historical
630,dinsmore,NULL,NULL,Duke,Dinsmore,1913-04-10,American,http://en.wikipedia.org/wiki/Duke_Dinsmore,historical
631,andrews,NULL,NULL,Keith,Andrews,1920-06-15,American,http://en.wikipedia.org/wiki/Keith_Andrews_(driver),historical
632,frere,NULL,NULL,Paul,Frère,1917-01-30,Belgian,http://en.wikipedia.org/wiki/Paul_Fr%C3%A8re,historical
633,villoresi,NULL,NULL,Luigi,Villoresi,1909-05-16,Italian,http://en.wikipedia.org/wiki/Luigi_Villoresi,historical
634,scotti,NULL,NULL,Piero,Scotti,1909-11-11,Italian,http://en.wikipedia.org/wiki/Piero_Scotti,historical
635,chapman,NULL,NULL,Colin,Chapman,1928-05-19,British,http://en.wikipedia.org/wiki/Colin_Chapman,historical
636,titterington,NULL,NULL,Desmond,Titterington,1928-05-01,British,http://en.wikipedia.org/wiki/Desmond_Titterington,historical
637,scott_Brown,NULL,NULL,Archie,Scott Brown,1927-05-13,British,http://en.wikipedia.org/wiki/Archie_Scott_Brown,historical
638,volonterio,NULL,NULL,Ottorino,Volonterio,1917-12-07,Swiss,http://en.wikipedia.org/wiki/Ottorino_Volonterio,historical
639,milhoux,NULL,NULL,André,Milhoux,1928-12-09,Belgian,http://en.wikipedia.org/wiki/Andr%C3%A9_Milhoux,historical
640,graffenried,NULL,NULL,Toulo,de Graffenried,1914-05-18,Swiss,http://en.wikipedia.org/wiki/Toulo_de_Graffenried,historical
641,taruffi,NULL,NULL,Piero,Taruffi,1906-10-12,Italian,http://en.wikipedia.org/wiki/Piero_Taruffi,historical
642,farina,NULL,NULL,Nino,Farina,1906-10-30,Italian,http://en.wikipedia.org/wiki/Nino_Farina,historical
643,mieres,NULL,NULL,Roberto,Mieres,1924-12-03,Argentine,http://en.wikipedia.org/wiki/Roberto_Mieres,historical
644,mantovani,NULL,NULL,Sergio,Mantovani,1929-05-22,Italian,http://en.wikipedia.org/wiki/Sergio_Mantovani,historical
645,bucci,NULL,NULL,Clemar,Bucci,1920-09-04,Argentine,http://en.wikipedia.org/wiki/Clemar_Bucci,historical
646,iglesias,NULL,NULL,Jesús,Iglesias,1922-02-22,Argentine,http://en.wikipedia.org/wiki/Jes%C3%BAs_Iglesias,historical
647,ascari,NULL,NULL,Alberto,Ascari,1918-07-13,Italian,http://en.wikipedia.org/wiki/Alberto_Ascari,historical
648,kling,NULL,NULL,Karl,Kling,1910-09-16,German,http://en.wikipedia.org/wiki/Karl_Kling,historical
649,birger,NULL,NULL,Pablo,Birger,1924-01-07,Argentine,http://en.wikipedia.org/wiki/Pablo_Birger,historical
650,pollet,NULL,NULL,Jacques,Pollet,1922-07-02,French,http://en.wikipedia.org/wiki/Jacques_Pollet,historical
651,macklin,NULL,NULL,Lance,Macklin,1919-09-02,British,http://en.wikipedia.org/wiki/Lance_Macklin,historical
652,whiteaway,NULL,NULL,Ted,Whiteaway,1928-11-01,British,http://en.wikipedia.org/wiki/Ted_Whiteaway,historical
653,davies,NULL,NULL,Jimmy,Davies,1929-08-08,American,http://en.wikipedia.org/wiki/Jimmy_Davies,historical
654,faulkner,NULL,NULL,Walt,Faulkner,1920-02-16,American,http://en.wikipedia.org/wiki/Walt_Faulkner,historical
655,niday,NULL,NULL,Cal,Niday,1914-04-29,American,http://en.wikipedia.org/wiki/Cal_Niday,historical
656,cross,NULL,NULL,Art,Cross,1918-01-24,American,http://en.wikipedia.org/wiki/Art_Cross,historical
657,vukovich,NULL,NULL,Bill,Vukovich,1918-12-13,American,http://en.wikipedia.org/wiki/Bill_Vukovich,historical
658,mcgrath,NULL,NULL,Jack,McGrath,1919-10-08,American,http://en.wikipedia.org/wiki/Jack_McGrath_(racing_driver),historical
659,hoyt,NULL,NULL,Jerry,Hoyt,1929-01-29,American,http://en.wikipedia.org/wiki/Jerry_Hoyt,historical
660,claes,NULL,NULL,Johnny,Claes,1916-08-11,Belgian,http://en.wikipedia.org/wiki/Johnny_Claes,historical
661,peter_walker,NULL,NULL,Peter,Walker,1912-10-07,British,http://en.wikipedia.org/wiki/Peter_Walker_(driver),historical
662,sparken,NULL,NULL,Mike,Sparken,1930-06-16,French,http://en.wikipedia.org/wiki/Mike_Sparken,historical
663,wharton,NULL,NULL,Ken,Wharton,1916-03-21,British,http://en.wikipedia.org/wiki/Ken_Wharton,historical
664,mcalpine,NULL,NULL,Kenneth,McAlpine,1920-09-21,British,http://en.wikipedia.org/wiki/Kenneth_McAlpine,historical
665,marr,NULL,NULL,Leslie,Marr,1922-08-14,British,http://en.wikipedia.org/wiki/Leslie_Marr,historical
666,rolt,NULL,NULL,Tony,Rolt,1918-10-16,British,http://en.wikipedia.org/wiki/Tony_Rolt,historical
667,fitch,NULL,NULL,John,Fitch,1917-08-04,American,http://en.wikipedia.org/wiki/John_Fitch_(driver),historical
668,lucas,NULL,NULL,Jean,Lucas,1917-04-25,French,http://en.wikipedia.org/wiki/Jean_Lucas,historical
669,bira,NULL,NULL,Prince,Bira,1914-07-15,Thai,http://en.wikipedia.org/wiki/Prince_Bira,historical
670,marimon,NULL,NULL,Onofre,Marimón,1923-12-19,Argentine,http://en.wikipedia.org/wiki/Onofre_Marim%C3%B3n,historical
671,loyer,NULL,NULL,Roger,Loyer,1907-08-05,French,http://en.wikipedia.org/wiki/Roger_Loyer,historical
672,daponte,NULL,NULL,Jorge,Daponte,1923-06-05,Argentine,http://en.wikipedia.org/wiki/Jorge_Daponte,historical
673,nazaruk,NULL,NULL,Mike,Nazaruk,1921-10-02,American,http://en.wikipedia.org/wiki/Mike_Nazaruk,historical
674,crockett,NULL,NULL,Larry,Crockett,1926-10-23,American,http://en.wikipedia.org/wiki/Larry_Crockett,historical
675,ayulo,NULL,NULL,Manny,Ayulo,1921-10-20,American,http://en.wikipedia.org/wiki/Manny_Ayulo,historical
676,armi,NULL,NULL,Frank,Armi,1918-10-12,American,http://en.wikipedia.org/wiki/Frank_Armi,historical
677,webb,NULL,NULL,Travis,Webb,1910-10-08,American,http://en.wikipedia.org/wiki/Travis_Webb,historical
678,duncan,NULL,NULL,Len,Duncan,1911-07-25,American,http://en.wikipedia.org/wiki/Len_Duncan,historical
679,mccoy,NULL,NULL,Ernie,McCoy,1921-02-19,American,http://en.wikipedia.org/wiki/Ernie_McCoy,historical
680,swaters,NULL,NULL,Jacques,Swaters,1926-10-30,American,http://en.wikipedia.org/wiki/Jacques_Swaters,historical
681,georges_berger,NULL,NULL,Georges,Berger,1918-09-14,Belgian,http://en.wikipedia.org/wiki/Georges_Berger,historical
682,beauman,NULL,NULL,Don,Beauman,1928-07-26,British,http://en.wikipedia.org/wiki/Don_Beauman,historical
683,thorne,NULL,NULL,Leslie,Thorne,1916-06-23,British,http://en.wikipedia.org/wiki/Leslie_Thorne,historical
684,whitehouse,NULL,NULL,Bill,Whitehouse,1909-04-01,British,http://en.wikipedia.org/wiki/Bill_Whitehouse,historical
685,riseley_prichard,NULL,NULL,John,Riseley-Prichard,1924-01-17,British,http://en.wikipedia.org/wiki/John_Riseley-Prichard,historical
686,reg_parnell,NULL,NULL,Reg,Parnell,1911-07-02,British,http://en.wikipedia.org/wiki/Reg_Parnell,historical
687,whitehead,NULL,NULL,Peter,Whitehead,1914-11-12,British,http://en.wikipedia.org/wiki/Peter_Whitehead_(racing_driver),historical
688,brandon,NULL,NULL,Eric,Brandon,1920-07-18,British,http://en.wikipedia.org/wiki/Eric_Brandon,historical
689,alan_brown,NULL,NULL,Alan,Brown,1919-11-20,British,http://en.wikipedia.org/wiki/Alan_Brown_(racing_driver),historical
690,nuckey,NULL,NULL,Rodney,Nuckey,1929-06-26,British,http://en.wikipedia.org/wiki/Rodney_Nuckey,historical
691,lang,NULL,NULL,Hermann,Lang,1909-04-06,German,http://en.wikipedia.org/wiki/Hermann_Lang,historical
692,helfrich,NULL,NULL,Theo,Helfrich,1913-05-13,German,http://en.wikipedia.org/wiki/Theo_Helfrich,historical
693,wacker,NULL,NULL,Fred,Wacker,1918-07-10,American,http://en.wikipedia.org/wiki/Fred_Wacker,historical
694,riu,NULL,NULL,Giovanni,de Riu,1925-03-10,Italian,http://en.wikipedia.org/wiki/Giovanni_de_Riu,historical
695,galvez,NULL,NULL,Oscar,Gálvez,1913-08-17,Argentine,http://en.wikipedia.org/wiki/%C3%93scar_Alfredo_G%C3%A1lvez,historical
696,john_barber,NULL,NULL,John,Barber,1929-07-22,British,http://en.wikipedia.org/wiki/John_Barber_(racing_driver),historical
697,bonetto,NULL,NULL,Felice,Bonetto,1903-06-09,Italian,http://en.wikipedia.org/wiki/Felice_Bonetto,historical
698,cruz,NULL,NULL,Adolfo,Cruz,1923-06-28,Argentine,http://en.wikipedia.org/wiki/Adolfo_Schewelm_Cruz,historical
699,nalon,NULL,NULL,Duke,Nalon,1913-03-02,American,http://en.wikipedia.org/wiki/Duke_Nalon,historical
700,scarborough,NULL,NULL,Carl,Scarborough,1914-07-03,American,http://en.wikipedia.org/wiki/Carl_Scarborough,historical
701,holland,NULL,NULL,Bill,Holland,1907-12-18,American,http://en.wikipedia.org/wiki/Bill_Holland,historical
702,bob_scott,NULL,NULL,Bob,Scott,1928-10-04,American,http://en.wikipedia.org/wiki/Bob_Scott_(auto_racer),historical
703,legat,NULL,NULL,Arthur,Legat,1898-11-01,Belgian,http://en.wikipedia.org/wiki/Arthur_Legat,historical
704,cabantous,NULL,NULL,Yves,Cabantous,1904-10-08,French,http://en.wikipedia.org/wiki/Yves_Giraud_Cabantous,historical
705,crook,NULL,NULL,Tony,Crook,1920-02-16,British,http://en.wikipedia.org/wiki/Tony_Crook,historical
706,jimmy_stewart,NULL,NULL,Jimmy,Stewart,1931-03-06,British,http://en.wikipedia.org/wiki/Jimmy_Stewart_(racing_driver),historical
707,ian_stewart,NULL,NULL,Ian,Stewart,1929-07-15,British,http://en.wikipedia.org/wiki/Ian_Stewart_(racing_driver),historical
708,duncan_hamilton,NULL,NULL,Duncan,Hamilton,1920-04-30,British,http://en.wikipedia.org/wiki/Duncan_Hamilton_(racing_driver),historical
709,klodwig,NULL,NULL,Ernst,Klodwig,1903-05-23,East German,http://en.wikipedia.org/wiki/Ernst_Klodwig,historical
710,krause,NULL,NULL,Rudolf,Krause,1907-03-30,East German,http://en.wikipedia.org/wiki/Rudolf_Krause,historical
711,karch,NULL,NULL,Oswald,Karch,1917-03-06,German,http://en.wikipedia.org/wiki/Oswald_Karch,historical
712,heeks,NULL,NULL,Willi,Heeks,1922-02-13,German,http://en.wikipedia.org/wiki/Willi_Heeks,historical
713,fitzau,NULL,NULL,Theo,Fitzau,1923-02-10,East German,http://en.wikipedia.org/wiki/Theo_Fitzau,historical
714,adolff,NULL,NULL,Kurt,Adolff,1921-11-05,German,http://en.wikipedia.org/wiki/Kurt_Adolff,historical
715,bechem,NULL,NULL,Günther,Bechem,1921-12-21,German,http://en.wikipedia.org/wiki/G%C3%BCnther_Bechem,historical
716,bauer,NULL,NULL,Erwin,Bauer,1912-07-17,German,http://en.wikipedia.org/wiki/Erwin_Bauer,historical
717,hans_stuck,NULL,NULL,Hans,von Stuck,1900-12-27,German,http://en.wikipedia.org/wiki/Hans_Von_Stuck,historical
718,loof,NULL,NULL,Ernst,Loof,1907-07-04,German,http://en.wikipedia.org/wiki/Ernst_Loof,historical
719,scherrer,NULL,NULL,Albert,Scherrer,1908-02-28,Swiss,http://en.wikipedia.org/wiki/Albert_Scherrer,historical
720,terra,NULL,NULL,Max,de Terra,1918-10-06,Swiss,http://en.wikipedia.org/wiki/Max_de_Terra,historical
721,hirt,NULL,NULL,Peter,Hirt,1910-03-30,Swiss,http://en.wikipedia.org/wiki/Peter_Hirt,historical
722,carini,NULL,NULL,Piero,Carini,1921-03-06,Italian,http://en.wikipedia.org/wiki/Piero_Carini,historical
723,fischer,NULL,NULL,Rudi,Fischer,1912-04-19,Swiss,http://en.wikipedia.org/wiki/Rudi_Fischer,historical
724,ulmen,NULL,NULL,Toni,Ulmen,1906-01-25,German,http://en.wikipedia.org/wiki/Toni_Ulmen,historical
725,abecassis,NULL,NULL,George,Abecassis,1913-03-21,British,http://en.wikipedia.org/wiki/George_Abecassis,historical
726,george_connor,NULL,NULL,George,Connor,1906-08-16,American,http://en.wikipedia.org/wiki/George_Connor_(driver),historical
727,rigsby,NULL,NULL,Jim,Rigsby,1923-06-06,American,http://en.wikipedia.org/wiki/Jim_Rigsby,historical
728,james,NULL,NULL,Joe,James,1925-05-23,American,http://en.wikipedia.org/wiki/Joe_James_(racing_driver),historical
729,schindler,NULL,NULL,Bill,Schindler,1909-03-06,American,http://en.wikipedia.org/wiki/Bill_Schindler,historical
730,fonder,NULL,NULL,George,Fonder,1917-06-22,American,http://en.wikipedia.org/wiki/George_Fonder,historical
731,banks,NULL,NULL,Henry,Banks,1913-06-14,American,http://en.wikipedia.org/wiki/Henry_Banks,historical
732,mcdowell,NULL,NULL,Johnny,McDowell,1915-01-29,American,http://en.wikipedia.org/wiki/Johnny_McDowell,historical
733,miller,NULL,NULL,Chet,Miller,1902-07-19,American,http://en.wikipedia.org/wiki/Chet_Miller,historical
734,ball,NULL,NULL,Bobby,Ball,1925-08-26,American,http://en.wikipedia.org/wiki/Bobby_Ball_(auto_racer),historical
735,tornaco,NULL,NULL,Charles,de Tornaco,1927-06-07,Belgian,http://en.wikipedia.org/wiki/Charles_de_Tornaco,historical
736,laurent,NULL,NULL,Roger,Laurent,1913-02-21,Belgian,http://en.wikipedia.org/wiki/Roger_Laurent,historical
737,obrien,NULL,NULL,Robert,O'Brien,1908-04-11,American,http://en.wikipedia.org/wiki/Robert_O%27Brien_(auto_racer),historical
738,gaze,NULL,NULL,Tony,Gaze,1920-02-03,Australian,http://en.wikipedia.org/wiki/Tony_Gaze,historical
739,charrington,NULL,NULL,Robin,Montgomerie-Charrington,1915-06-23,British,http://en.wikipedia.org/wiki/Robin_Montgomerie-Charrington,historical
740,comotti,NULL,NULL,Franco,Comotti,1906-07-24,Italian,http://en.wikipedia.org/wiki/Franco_Comotti,historical
741,etancelin,NULL,NULL,Philippe,Étancelin,1896-12-28,French,http://en.wikipedia.org/wiki/Philippe_%C3%89tancelin,historical
742,poore,NULL,NULL,Dennis,Poore,1916-08-19,British,http://en.wikipedia.org/wiki/Dennis_Poore,historical
743,thompson,NULL,NULL,Eric,Thompson,1919-11-04,British,http://en.wikipedia.org/wiki/Eric_Thompson_(racing_driver),historical
744,downing,NULL,NULL,Ken,Downing,1917-12-05,British,http://en.wikipedia.org/wiki/Ken_Downing,historical
745,graham_whitehead,NULL,NULL,Graham,Whitehead,1922-04-15,British,http://en.wikipedia.org/wiki/Graham_Whitehead,historical
746,bianco,NULL,NULL,Gino,Bianco,1916-07-22,Brazilian,http://en.wikipedia.org/wiki/Gino_Bianco,historical
747,murray,NULL,NULL,David,Murray,1909-12-28,British,http://en.wikipedia.org/wiki/David_Murray_(driver),historical
748,cantoni,NULL,NULL,Eitel,Cantoni,1906-10-04,Uruguayan,http://en.wikipedia.org/wiki/Eitel_Cantoni,historical
749,aston,NULL,NULL,Bill,Aston,1900-03-29,British,http://en.wikipedia.org/wiki/Bill_Aston,historical
750,brudes,NULL,NULL,Adolf,Brudes,1899-10-15,German,http://en.wikipedia.org/wiki/Adolf_Brudes,historical
751,riess,NULL,NULL,Fritz,Riess,1922-07-11,German,http://en.wikipedia.org/wiki/Fritz_Riess,historical
752,niedermayr,NULL,NULL,Helmut,Niedermayr,1915-11-29,German,http://en.wikipedia.org/wiki/Helmut_Niedermayr,historical
753,klenk,NULL,NULL,Hans,Klenk,1919-10-28,German,http://en.wikipedia.org/wiki/Hans_Klenk,historical
754,balsa,NULL,NULL,Marcel,Balsa,1909-01-01,French,http://en.wikipedia.org/wiki/Marcel_Balsa,historical
755,schoeller,NULL,NULL,Rudolf,Schoeller,1902-04-27,Swiss,http://en.wikipedia.org/wiki/Rudolf_Schoeller,historical
756,pietsch,NULL,NULL,Paul,Pietsch,1911-06-20,German,http://en.wikipedia.org/wiki/Paul_Pietsch,historical
757,peters,NULL,NULL,Josef,Peters,1914-09-16,German,http://en.wikipedia.org/wiki/Josef_Peters_(driver),historical
758,lof,NULL,NULL,Dries,van der Lof,1919-08-23,Dutch,http://en.wikipedia.org/wiki/Dries_van_der_Lof,historical
759,flinterman,NULL,NULL,Jan,Flinterman,1919-10-02,Dutch,http://en.wikipedia.org/wiki/Jan_Flinterman,historical
760,dusio,NULL,NULL,Piero,Dusio,1899-10-13,Italian,http://en.wikipedia.org/wiki/Piero_Dusio,historical
761,crespo,NULL,NULL,Alberto,Crespo,1920-01-16,Argentine,http://en.wikipedia.org/wiki/Alberto_Crespo,historical
762,rol,NULL,NULL,Franco,Rol,1908-06-05,Italian,http://en.wikipedia.org/wiki/Franco_Rol,historical
763,sanesi,NULL,NULL,Consalvo,Sanesi,1911-03-28,Italian,http://en.wikipedia.org/wiki/Consalvo_Sanesi,historical
764,guy_mairesse,NULL,NULL,Guy,Mairesse,1910-08-10,French,http://en.wikipedia.org/wiki/Guy_Mairesse,historical
765,louveau,NULL,NULL,Henri,Louveau,1910-01-25,French,http://en.wikipedia.org/wiki/Henri_Louveau,historical
766,wallard,NULL,NULL,Lee,Wallard,1910-09-07,American,http://en.wikipedia.org/wiki/Lee_Wallard,historical
767,forberg,NULL,NULL,Carl,Forberg,1911-03-04,American,http://en.wikipedia.org/wiki/Carl_Forberg,historical
768,rose,NULL,NULL,Mauri,Rose,1906-05-26,American,http://en.wikipedia.org/wiki/Mauri_Rose,historical
769,mackey,NULL,NULL,Bill,Mackey,1927-12-15,American,http://en.wikipedia.org/wiki/Bill_Mackey,historical
770,green,NULL,NULL,Cecil,Green,1919-09-30,American,http://en.wikipedia.org/wiki/Cecil_Green,historical
771,walt_brown,NULL,NULL,Walt,Brown,1911-12-30,American,http://en.wikipedia.org/wiki/Walt_Brown_(auto_racer),historical
772,hellings,NULL,NULL,Mack,Hellings,1915-09-14,American,http://en.wikipedia.org/wiki/Mack_Hellings,historical
773,levegh,NULL,NULL,Pierre,Levegh,1905-12-22,French,http://en.wikipedia.org/wiki/Pierre_Levegh,historical
774,chaboud,NULL,NULL,Eugène,Chaboud,1907-04-12,French,http://en.wikipedia.org/wiki/Eug%C3%A8ne_Chaboud,historical
775,gordini,NULL,NULL,Aldo,Gordini,1921-05-20,French,http://en.wikipedia.org/wiki/Aldo_Gordini,historical
776,kelly,NULL,NULL,Joe,Kelly,1913-03-13,Irish,http://en.wikipedia.org/wiki/Joe_Kelly_(Formula_One),historical
777,parker,NULL,NULL,Philip,Fotheringham-Parker,1907-09-22,British,http://en.wikipedia.org/wiki/Philip_Fotheringham-Parker,historical
778,shawe_taylor,NULL,NULL,Brian,Shawe Taylor,1915-01-28,British,http://en.wikipedia.org/wiki/Brian_Shawe_Taylor,historical
779,john_james,NULL,NULL,John,James,1914-05-10,British,http://en.wikipedia.org/wiki/John_James_(auto_racer),historical
780,branca,NULL,NULL,Toni,Branca,1916-09-15,Swiss,http://en.wikipedia.org/wiki/Toni_Branca,historical
781,richardson,NULL,NULL,Ken,Richardson,1911-08-21,British,http://en.wikipedia.org/wiki/Ken_Richardson_(race_car_driver),historical
782,jover,NULL,NULL,Juan,Jover,1903-11-23,Spanish,http://en.wikipedia.org/wiki/Juan_Jover,historical
783,grignard,NULL,NULL,Georges,Grignard,1905-07-25,French,http://en.wikipedia.org/wiki/Georges_Grignard,historical
784,hampshire,NULL,NULL,David,Hampshire,1917-12-29,British,http://en.wikipedia.org/wiki/David_Hampshire,historical
785,crossley,NULL,NULL,Geoff,Crossley,1921-05-11,British,http://en.wikipedia.org/wiki/Geoff_Crossley,historical
786,fagioli,NULL,NULL,Luigi,Fagioli,1898-06-09,Italian,http://en.wikipedia.org/wiki/Luigi_Fagioli,historical
787,harrison,NULL,NULL,Cuth,Harrison,1906-07-06,British,http://en.wikipedia.org/wiki/Cuth_Harrison,historical
788,fry,NULL,NULL,Joe,Fry,1915-10-26,British,http://en.wikipedia.org/wiki/Joe_Fry,historical
789,martin,NULL,NULL,Eugène,Martin,1915-03-24,French,http://en.wikipedia.org/wiki/Eug%C3%A8ne_Martin,historical
790,leslie_johnson,NULL,NULL,Leslie,Johnson,1912-03-22,British,http://en.wikipedia.org/wiki/Leslie_Johnson_(racing_driver),historical
791,biondetti,NULL,NULL,Clemente,Biondetti,1898-08-18,Italian,http://en.wikipedia.org/wiki/Clemente_Biondetti,historical
792,pian,NULL,NULL,Alfredo,Pián,1912-10-21,Argentine,http://en.wikipedia.org/wiki/Alfredo_Pi%C3%A0n,historical
793,sommer,NULL,NULL,Raymond,Sommer,1906-08-31,French,http://en.wikipedia.org/wiki/Raymond_Sommer,historical
794,chitwood,NULL,NULL,Joie,Chitwood,1912-04-14,American,http://en.wikipedia.org/wiki/Joie_Chitwood,historical
795,fohr,NULL,NULL,Myron,Fohr,1912-06-17,American,http://en.wikipedia.org/wiki/Myron_Fohr,historical
796,ader,NULL,NULL,Walt,Ader,1913-12-15,American,http://en.wikipedia.org/wiki/Walt_Ader,historical
797,holmes,NULL,NULL,Jackie,Holmes,1920-09-04,American,http://en.wikipedia.org/wiki/Jackie_Holmes,historical
798,levrett,NULL,NULL,Bayliss,Levrett,1914-02-14,American,http://en.wikipedia.org/wiki/Bayliss_Levrett,historical
799,jackson,NULL,NULL,Jimmy,Jackson,1910-07-25,American,http://en.wikipedia.org/wiki/Jimmy_Jackson_(driver),historical
800,pagani,NULL,NULL,Nello,Pagani,1911-10-11,Italian,http://en.wikipedia.org/wiki/Nello_Pagani,historical
801,pozzi,NULL,NULL,Charles,Pozzi,1909-08-27,French,http://en.wikipedia.org/wiki/Charles_Pozzi,historical
802,serafini,NULL,NULL,Dorino,Serafini,1909-07-22,Italian,http://en.wikipedia.org/wiki/Dorino_Serafini,historical
803,cantrell,NULL,NULL,Bill,Cantrell,1908-01-31,American,http://en.wikipedia.org/wiki/William_Cantrell,historical
804,mantz,NULL,NULL,Johnny,Mantz,1918-09-18,American,http://en.wikipedia.org/wiki/Johnny_Mantz,historical
805,kladis,NULL,NULL,Danny,Kladis,1917-02-10,American,http://en.wikipedia.org/wiki/Danny_Kladis,historical
806,oscar_gonzalez,NULL,NULL,Óscar,González,1923-11-10,Uruguayan,http://en.wikipedia.org/wiki/%C3%93scar_Gonz%C3%A1lez_(racing_driver),historical
807,hulkenberg,27,HUL,Nico,Hülkenberg,1987-08-19,German,http://en.wikipedia.org/wiki/Nico_H%C3%BClkenberg,historical
808,petrov,NULL,PET,Vitaly,Petrov,1984-09-08,Russian,http://en.wikipedia.org/wiki/Vitaly_Petrov,historical
810,grassi,NULL,DIG,Lucas,di Grassi,1984-08-11,Brazilian,http://en.wikipedia.org/wiki/Lucas_di_Grassi,historical
811,bruno_senna,NULL,SEN,Bruno,Senna,1983-10-15,Brazilian,http://en.wikipedia.org/wiki/Bruno_Senna,historical
812,chandhok,NULL,CHA,Karun,Chandhok,1984-01-19,Indian,http://en.wikipedia.org/wiki/Karun_Chandhok,historical
813,maldonado,13,MAL,Pastor,Maldonado,1985-03-09,Venezuelan,http://en.wikipedia.org/wiki/Pastor_Maldonado,historical
814,resta,40,DIR,Paul,di Resta,1986-04-16,British,http://en.wikipedia.org/wiki/Paul_di_Resta,historical
815,perez,11,PER,Sergio,Pérez,1990-01-26,Mexican,http://en.wikipedia.org/wiki/Sergio_P%C3%A9rez,historical
816,ambrosio,NULL,DAM,Jérôme,d'Ambrosio,1985-12-27,Belgian,http://en.wikipedia.org/wiki/J%C3%A9r%C3%B4me_d%27Ambrosio,historical
817,ricciardo,3,RIC,Daniel,Ricciardo,1989-07-01,Australian,http://en.wikipedia.org/wiki/Daniel_Ricciardo,historical
818,vergne,25,VER,Jean-Éric,Vergne,1990-04-25,French,http://en.wikipedia.org/wiki/Jean-%C3%89ric_Vergne,historical
819,pic,NULL,PIC,Charles,Pic,1990-02-15,French,http://en.wikipedia.org/wiki/Charles_Pic,historical
820,chilton,4,CHI,Max,Chilton,1991-04-21,British,http://en.wikipedia.org/wiki/Max_Chilton,historical
821,gutierrez,21,GUT,Esteban,Gutiérrez,1991-08-05,Mexican,http://en.wikipedia.org/wiki/Esteban_Guti%C3%A9rrez,historical
822,bottas,77,BOT,Valtteri,Bottas,1989-08-28,Finnish,http://en.wikipedia.org/wiki/Valtteri_Bottas,historical
823,garde,NULL,VDG,Giedo,van der Garde,1985-04-25,Dutch,http://en.wikipedia.org/wiki/Giedo_van_der_Garde,historical
824,jules_bianchi,17,BIA,Jules,Bianchi,1989-08-03,French,http://en.wikipedia.org/wiki/Jules_Bianchi,historical
825,kevin_magnussen,20,MAG,Kevin,Magnussen,1992-10-05,Danish,http://en.wikipedia.org/wiki/Kevin_Magnussen,historical
826,kvyat,26,KVY,Daniil,Kvyat,1994-04-26,Russian,http://en.wikipedia.org/wiki/Daniil_Kvyat,historical
827,lotterer,45,LOT,André,Lotterer,1981-11-19,German,http://en.wikipedia.org/wiki/Andr%C3%A9_Lotterer,historical
828,ericsson,9,ERI,Marcus,Ericsson,1990-09-02,Swedish,http://en.wikipedia.org/wiki/Marcus_Ericsson,historical
829,stevens,28,STE,Will,Stevens,1991-06-28,British,http://en.wikipedia.org/wiki/Will_Stevens,historical
830,max_verstappen,33,VER,Max,Verstappen,1997-09-30,Dutch,http://en.wikipedia.org/wiki/Max_Verstappen,historical
831,nasr,12,NAS,Felipe,Nasr,1992-08-21,Brazilian,http://en.wikipedia.org/wiki/Felipe_Nasr,historical
832,sainz,55,SAI,Carlos,Sainz,1994-09-01,Spanish,http://en.wikipedia.org/wiki/Carlos_Sainz_Jr.,historical
833,merhi,98,MER,Roberto,Merhi,1991-03-22,Spanish,http://en.wikipedia.org/wiki/Roberto_Merhi,historical
834,rossi,53,RSS,Alexander,Rossi,1991-09-25,American,http://en.wikipedia.org/wiki/Alexander_Rossi_%28racing_driver%29,historical
835,jolyon_palmer,30,PAL,Jolyon,Palmer,1991-01-20,British,http://en.wikipedia.org/wiki/Jolyon_Palmer,historical
836,wehrlein,94,WEH,Pascal,Wehrlein,1994-10-18,German,http://en.wikipedia.org/wiki/Pascal_Wehrlein,historical
837,haryanto,88,HAR,Rio,Haryanto,1993-01-22,Indonesian,http://en.wikipedia.org/wiki/Rio_Haryanto,historical
838,vandoorne,2,VAN,Stoffel,Vandoorne,1992-03-26,Belgian,http://en.wikipedia.org/wiki/Stoffel_Vandoorne,historical
839,ocon,31,OCO,Esteban,Ocon,1996-09-17,French,http://en.wikipedia.org/wiki/Esteban_Ocon,historical
840,stroll,18,STR,Lance,Stroll,1998-10-29,Canadian,http://en.wikipedia.org/wiki/Lance_Stroll,historical
841,giovinazzi,99,GIO,Antonio,Giovinazzi,1993-12-14,Italian,http://en.wikipedia.org/wiki/Antonio_Giovinazzi,historical
842,gasly,10,GAS,Pierre,Gasly,1996-02-07,French,http://en.wikipedia.org/wiki/Pierre_Gasly,historical
843,brendon_hartley,28,HAR,Brendon,Hartley,1989-11-10,New Zealander,http://en.wikipedia.org/wiki/Brendon_Hartley,historical
844,leclerc,16,LEC,Charles,Leclerc,1997-10-16,Monegasque,http://en.wikipedia.org/wiki/Charles_Leclerc,historical
845,sirotkin,35,SIR,Sergey,Sirotkin,1995-08-27,Russian,http://en.wikipedia.org/wiki/Sergey_Sirotkin_(racing_driver),historical
846,norris,4,NOR,Lando,Norris,1999-11-13,British,http://en.wikipedia.org/wiki/Lando_Norris,historical
847,russell,63,RUS,George,Russell,1998-02-15,British,http://en.wikipedia.org/wiki/George_Russell_(racing_driver),historical
848,albon,23,ALB,Alexander,Albon,1996-03-23,Thai,http://en.wikipedia.org/wiki/Alexander_Albon,historical
849,latifi,6,LAT,Nicholas,Latifi,1995-06-29,Canadian,http://en.wikipedia.org/wiki/Nicholas_Latifi,historical
850,pietro_fittipaldi,51,FIT,Pietro,Fittipaldi,1996-06-25,Brazilian,http://en.wikipedia.org/wiki/Pietro_Fittipaldi,historical
851,aitken,89,AIT,Jack,Aitken,1995-09-23,British,http://en.wikipedia.org/wiki/Jack_Aitken,historical
852,tsunoda,22,TSU,Yuki,Tsunoda,2000-05-11,Japanese,http://en.wikipedia.org/wiki/Yuki_Tsunoda,historical
853,mazepin,9,MAZ,Nikita,Mazepin,1999-03-02,Russian,http://en.wikipedia.org/wiki/Nikita_Mazepin,historical
854,mick_schumacher,47,MSC,Mick,Schumacher,1999-03-22,German,http://en.wikipedia.org/wiki/Mick_Schumacher,historical
855,zhou,24,ZHO,Guanyu,Zhou,1999-05-30,Chinese,http://en.wikipedia.org/wiki/Zhou_Guanyu,historical
856,de_vries,21,DEV,Nyck,de Vries,1995-02-06,Dutch,http://en.wikipedia.org/wiki/Nyck_de_Vries,historical
857,piastri,81,PIA,Oscar,Piastri,2001-04-06,Australian,http://en.wikipedia.org/wiki/Oscar_Piastri,historical
858,sargeant,2,SAR,Logan,Sargeant,2000-12-31,American,http://en.wikipedia.org/wiki/Logan_Sargeant,historical
859,lawson,30,LAW,Liam,Lawson,2002-02-11,New Zealander,http://en.wikipedia.org/wiki/Liam_Lawson,historical
860,bearman,38,BEA,Oliver,Bearman,2005-05-08,British,http://en.wikipedia.org/wiki/Oliver_Bearman,historical
861,colapinto,43,COL,Franco,Colapinto,2003-05-27,Argentinian ,http://en.wikipedia.org/wiki/Franco_Colapinto,historical
862,doohan,61,DOO,Jack,Doohan,2003-01-20,Australian,http://en.wikipedia.org/wiki/Jack_Doohan,historical
863,antonelli,12,ANT,Andrea Kimi,Antonelli,2006-08-25,Italian,https://en.wikipedia.org/wiki/Andrea_Kimi_Antonelli,historical
864,bortoleto,5,BOR,Gabriel,Bortoleto,2004-10-14,Brazilian,https://en.wikipedia.org/wiki/Gabriel_Bortoleto,historical
865,hadjar,6,HAD,Isack,Hadjar,2004-09-28,French,https://en.wikipedia.org/wiki/Isack_Hadjar,historical
866,paul_aron,NULL,NULL,Paul,Aron,NULL,NULL,NULL,api
867,dino_beganovic,NULL,NULL,Dino,Beganovic,NULL,NULL,NULL,api
868,luke_browning,NULL,NULL,Luke,Browning,NULL,NULL,NULL,api
869,jak_crawford,NULL,NULL,Jak,Crawford,NULL,NULL,NULL,api
870,felipe_drugovich,NULL,NULL,Felipe,Drugovich,NULL,NULL,NULL,api
871,alexander_dunne,NULL,NULL,Alexander,Dunne,NULL,NULL,NULL,api
872,antonio_fuoco,NULL,NULL,Antonio,Fuoco,NULL,NULL,NULL,api
873,ryo_hirakawa,NULL,NULL,Ryo,Hirakawa,NULL,NULL,NULL,api
874,ayumu_iwasa,NULL,NULL,Ayumu,Iwasa,NULL,NULL,NULL,api
875,arthur_leclerc,NULL,NULL,Arthur,Leclerc,NULL,NULL,NULL,api
876,arvid_lindblad,41,LIN,Arvid,Lindblad,2007-08-08,British,https://en.wikipedia.org/wiki/Arvid_Lindblad,api
877,victor_martins,NULL,NULL,Victor,Martins,NULL,NULL,NULL,api
878,patricio_o_ward,NULL,NULL,Patricio,O'Ward,NULL,NULL,NULL,api
879,cian_shields,NULL,NULL,Cian,Shields,NULL,NULL,NULL,api
880,frederik_vesti,NULL,NULL,Frederik,Vesti,NULL,NULL,NULL,api
881,leonardo_fornaroli,NULL,NULL,Leonardo,Fornaroli,NULL,NULL,NULL,api
882,colton_herta,NULL,NULL,Colton,Herta,NULL,NULL,NULL,api
